region,country,in_bfp_flag,bfp_year,years_since_bfp,index,catalogue_solution_type_level_a,catalogue_solution_type_level_b,status,status_num,solution_type,level,grant,debt_equity,risk,fiscal,market,regulatory,generate,realign,avoid,deliver,private,public,implemented_flag,bfp_impl_group,iso3c
Asia and the Pacific,Thailand,TRUE,2018,6,CS,Corporate sustainability,Corporate supply chain management,NA,0,Corporate sustainability,A,TRUE,TRUE,FALSE,FALSE,TRUE,FALSE,TRUE,FALSE,FALSE,TRUE,TRUE,FALSE,FALSE,In-BFP: not implemented,THA
Asia and the Pacific,Thailand,TRUE,2018,6,TFS,Trust funds (detailed review),NA,NA,0,Trust funds (detailed review),A,TRUE,FALSE,FALSE,FALSE,TRUE,TRUE,FALSE,FALSE,FALSE,TRUE,TRUE,TRUE,FALSE,In-BFP: not implemented,THA
Asia and the Pacific,Thailand,TRUE,2018,6,BO,Biodiversity offsets (detailed review),Nutrient trading,NA,0,Biodiversity offsets (detailed review),A,FALSE,FALSE,FALSE,FALSE,TRUE,FALSE,TRUE,FALSE,FALSE,TRUE,TRUE,TRUE,FALSE,In-BFP: not implemented,THA
Asia and the Pacific,Thailand,TRUE,2018,6,BO,Biodiversity offsets (detailed review),Biobanking (habitat/species),NA,0,Biodiversity offsets (detailed review),A,FALSE,FALSE,FALSE,FALSE,TRUE,FALSE,TRUE,FALSE,FALSE,TRUE,TRUE,TRUE,FALSE,In-BFP: not implemented,THA
Asia and the Pacific,Thailand,TRUE,2018,6,BIO,Bioprospecting (detailed review),NA,NA,0,Bioprospecting (detailed review),A,FALSE,FALSE,FALSE,FALSE,TRUE,FALSE,TRUE,FALSE,TRUE,FALSE,TRUE,FALSE,FALSE,In-BFP: not implemented,THA
Asia and the Pacific,Thailand,TRUE,2018,6,TFT,Earmarking of taxes,NA,NA,0,Earmarking of taxes,A,FALSE,FALSE,FALSE,TRUE,FALSE,TRUE,TRUE,FALSE,FALSE,FALSE,FALSE,TRUE,FALSE,In-BFP: not implemented,THA
Asia and the Pacific,Thailand,TRUE,2020,4,PST,Promotion of sustainable tourism,NA,under_implementation,1,Promotion of sustainable tourism,A,FALSE,FALSE,FALSE,FALSE,TRUE,FALSE,TRUE,FALSE,FALSE,TRUE,TRUE,FALSE,TRUE,In-BFP: implemented,THA
Asia and the Pacific,Thailand,TRUE,2020,4,TT,Taxes and fees in the tourism sector,NA,under_implementation,1,Taxes and fees in the tourism sector,A,FALSE,FALSE,FALSE,TRUE,FALSE,TRUE,TRUE,FALSE,FALSE,FALSE,FALSE,TRUE,TRUE,In-BFP: implemented,THA
Asia and the Pacific,Thailand,TRUE,2020,4,CLP,Conservation or wildlife themed items,Conservation license plates,under_implementation,1,Conservation or wildlife themed items,A,FALSE,FALSE,FALSE,FALSE,TRUE,TRUE,TRUE,FALSE,FALSE,FALSE,TRUE,TRUE,TRUE,In-BFP: implemented,THA
Asia and the Pacific,Thailand,TRUE,2020,4,PBE,Enhance public budget execution,Enhance local budget execution,under_implementation,1,Enhance public budget execution,A,TRUE,FALSE,FALSE,TRUE,FALSE,TRUE,FALSE,FALSE,FALSE,TRUE,FALSE,TRUE,TRUE,In-BFP: implemented,THA
Asia and the Pacific,Thailand,TRUE,2020,4,PST,Promotion of sustainable tourism,NA,under_implementation,1,Promotion of sustainable tourism,A,FALSE,FALSE,FALSE,FALSE,TRUE,FALSE,TRUE,FALSE,FALSE,TRUE,TRUE,FALSE,TRUE,In-BFP: implemented,THA
Asia and the Pacific,Thailand,TRUE,2020,4,II,Impact investment (detailed review),NA,under_implementation,1,Impact investment (detailed review),A,FALSE,TRUE,FALSE,FALSE,TRUE,FALSE,TRUE,FALSE,FALSE,FALSE,TRUE,FALSE,TRUE,In-BFP: implemented,THA
Asia and the Pacific,Thailand,FALSE,NA,NA,CRW,Crowd funding,NA,under_implementation,1,Crowd funding,A,TRUE,TRUE,FALSE,FALSE,TRUE,FALSE,TRUE,FALSE,FALSE,FALSE,TRUE,FALSE,TRUE,Post-BFP: implemented,THA
Asia and the Pacific,Thailand,FALSE,NA,NA,HS,Change subsidies harmful to biodiversity,NA,under_implementation,1,Change subsidies harmful to biodiversity,A,FALSE,FALSE,FALSE,TRUE,FALSE,TRUE,FALSE,TRUE,TRUE,FALSE,FALSE,TRUE,TRUE,Post-BFP: implemented,THA
Asia and the Pacific,Thailand,FALSE,NA,NA,GB,Green bonds (detailed review),Ecosystem green bonds,under_implementation,1,Green bonds (detailed review),A,FALSE,TRUE,FALSE,FALSE,TRUE,FALSE,TRUE,FALSE,FALSE,FALSE,TRUE,TRUE,TRUE,Post-BFP: implemented,THA
Latin America and Caribbean,Brazil,TRUE,2019,5,BO,Biodiversity offsets (detailed review),Biobanking (habitat/species),NA,0,Biodiversity offsets (detailed review),A,FALSE,FALSE,FALSE,FALSE,TRUE,FALSE,TRUE,FALSE,FALSE,TRUE,TRUE,TRUE,FALSE,In-BFP: not implemented,BRA
Latin America and Caribbean,Brazil,TRUE,2019,5,TT,Taxes and fees in the tourism sector,"Tourism, real estate and commercial concessions",NA,0,Taxes and fees in the tourism sector,A,FALSE,FALSE,FALSE,TRUE,FALSE,TRUE,TRUE,FALSE,FALSE,FALSE,FALSE,TRUE,FALSE,In-BFP: not implemented,BRA
Latin America and Caribbean,Brazil,TRUE,2019,5,TFF,"Taxes, Fees and Royalties in the Forestry Sector",Forestry Concession Fees,NA,0,"Taxes, Fees and Royalties in the Forestry Sector",A,FALSE,FALSE,FALSE,TRUE,FALSE,TRUE,TRUE,FALSE,FALSE,FALSE,FALSE,TRUE,FALSE,In-BFP: not implemented,BRA
Latin America and Caribbean,Brazil,FALSE,NA,NA,ODA,Increasing Official Development Assistance (ODA),Multilateral ODA,pending,0,Increasing Official Development Assistance (ODA),A,TRUE,TRUE,FALSE,FALSE,FALSE,FALSE,TRUE,FALSE,FALSE,FALSE,FALSE,TRUE,FALSE,NA,BRA
Latin America and Caribbean,Brazil,FALSE,NA,NA,ES,Enabling solutions,NA,under_implementation,1,Enabling  solutions,A,FALSE,FALSE,FALSE,FALSE,FALSE,TRUE,FALSE,TRUE,FALSE,FALSE,FALSE,TRUE,TRUE,Post-BFP: implemented,BRA
Latin America and Caribbean,Brazil,FALSE,NA,NA,PES,Payment for Ecosystem Services (detailed review),Payment for Ecosystem Services-state intermediation and/or fee,under_implementation,1,Payment for Ecosystem Services (detailed review),A,FALSE,FALSE,FALSE,TRUE,TRUE,TRUE,TRUE,FALSE,FALSE,TRUE,TRUE,TRUE,TRUE,Post-BFP: implemented,BRA
Latin America and Caribbean,Brazil,FALSE,NA,NA,PBE,Enhance public budget execution,Enhance local budget execution,under_implementation,1,Enhance public budget execution,A,TRUE,FALSE,FALSE,TRUE,FALSE,TRUE,FALSE,FALSE,FALSE,TRUE,FALSE,TRUE,TRUE,Post-BFP: implemented,BRA
Latin America and Caribbean,Brazil,FALSE,NA,NA,GB,Green bonds (detailed review),NA,under_implementation,1,Green bonds (detailed review),A,FALSE,TRUE,FALSE,FALSE,TRUE,FALSE,TRUE,FALSE,FALSE,FALSE,TRUE,TRUE,TRUE,Post-BFP: implemented,BRA
Latin America and Caribbean,Peru,TRUE,2019,5,PBE,Enhance public budget execution,NA,NA,0,Enhance public budget execution,A,TRUE,FALSE,FALSE,TRUE,FALSE,TRUE,FALSE,FALSE,FALSE,TRUE,FALSE,TRUE,FALSE,In-BFP: not implemented,PER
Latin America and Caribbean,Peru,TRUE,2019,5,ISB,Incentives for sustainable business,NA,NA,0,Incentives for sustainable business,A,FALSE,FALSE,FALSE,TRUE,TRUE,TRUE,TRUE,TRUE,TRUE,TRUE,FALSE,TRUE,FALSE,In-BFP: not implemented,PER
Latin America and Caribbean,Peru,TRUE,2019,5,TFS,Trust funds (detailed review),NA,NA,0,Trust funds (detailed review),A,TRUE,FALSE,FALSE,FALSE,TRUE,TRUE,FALSE,FALSE,FALSE,TRUE,TRUE,TRUE,FALSE,In-BFP: not implemented,PER
Latin America and Caribbean,Peru,TRUE,2019,5,ES,Enabling solutions,Partnership and platform,NA,0,Enabling  solutions,A,FALSE,FALSE,FALSE,FALSE,FALSE,TRUE,FALSE,TRUE,FALSE,FALSE,FALSE,TRUE,FALSE,In-BFP: not implemented,PER
Latin America and Caribbean,Peru,TRUE,2019,5,GK,Green banks,NA,NA,0,Green banks,A,FALSE,TRUE,FALSE,FALSE,TRUE,FALSE,TRUE,FALSE,FALSE,TRUE,FALSE,TRUE,FALSE,In-BFP: not implemented,PER
Latin America and Caribbean,Peru,TRUE,2019,5,PES,Payment for Ecosystem Services (detailed review),NA,NA,0,Payment for Ecosystem Services (detailed review),A,FALSE,FALSE,FALSE,TRUE,TRUE,TRUE,TRUE,FALSE,FALSE,TRUE,TRUE,TRUE,FALSE,In-BFP: not implemented,PER
Latin America and Caribbean,Peru,TRUE,2019,5,EIA,Environmental (and Social) Impact Assessment,NA,NA,0,Environmental (and Social) Impact Assessment,A,FALSE,FALSE,FALSE,TRUE,FALSE,TRUE,FALSE,FALSE,TRUE,TRUE,FALSE,TRUE,FALSE,In-BFP: not implemented,PER
Latin America and Caribbean,Peru,TRUE,2019,5,BIF,Biodiversity Inverstment funds,NA,NA,0,Biodiversity Inverstment funds,A,FALSE,TRUE,FALSE,FALSE,TRUE,FALSE,TRUE,FALSE,FALSE,FALSE,TRUE,FALSE,FALSE,In-BFP: not implemented,PER
Latin America and Caribbean,Peru,TRUE,2019,5,PBE,Enhance public budget execution,NA,under_implementation,1,Enhance public budget execution,A,TRUE,FALSE,FALSE,TRUE,FALSE,TRUE,FALSE,FALSE,FALSE,TRUE,FALSE,TRUE,TRUE,In-BFP: implemented,PER
Latin America and Caribbean,Peru,FALSE,NA,NA,GL,Green lending,Green microfinance,under_implementation,1,Green lending,A,FALSE,TRUE,FALSE,FALSE,TRUE,FALSE,TRUE,FALSE,FALSE,FALSE,TRUE,TRUE,TRUE,Post-BFP: implemented,PER
Latin America and Caribbean,Peru,FALSE,NA,NA,GB,Green bonds (detailed review),NA,under_implementation,1,Green bonds (detailed review),A,FALSE,TRUE,FALSE,FALSE,TRUE,FALSE,TRUE,FALSE,FALSE,FALSE,TRUE,TRUE,TRUE,Post-BFP: implemented,PER
Europe and Central Asia,Kyrgyzstan,TRUE,2019,5,CEM,Cost effectiveness measures,NA,NA,0,Cost effectiveness measures,A,FALSE,FALSE,FALSE,FALSE,FALSE,TRUE,FALSE,FALSE,TRUE,TRUE,TRUE,TRUE,FALSE,In-BFP: not implemented,KGZ
Europe and Central Asia,Kyrgyzstan,TRUE,2019,5,EIA,Environmental (and Social) Impact Assessment,NA,NA,0,Environmental (and Social) Impact Assessment,A,FALSE,FALSE,FALSE,TRUE,FALSE,TRUE,FALSE,FALSE,TRUE,TRUE,FALSE,TRUE,FALSE,In-BFP: not implemented,KGZ
Europe and Central Asia,Kyrgyzstan,TRUE,2019,5,ES,Enabling solutions,Capacity building,NA,0,Enabling  solutions,A,FALSE,FALSE,FALSE,FALSE,FALSE,TRUE,FALSE,TRUE,FALSE,FALSE,FALSE,TRUE,FALSE,In-BFP: not implemented,KGZ
Europe and Central Asia,Kyrgyzstan,TRUE,2019,5,TFF,"Taxes, Fees and Royalties in the Forestry Sector",NA,NA,0,"Taxes, Fees and Royalties in the Forestry Sector",A,FALSE,FALSE,FALSE,TRUE,FALSE,TRUE,TRUE,FALSE,FALSE,FALSE,FALSE,TRUE,FALSE,In-BFP: not implemented,KGZ
Europe and Central Asia,Kyrgyzstan,TRUE,2019,5,TT,Taxes and fees in the tourism sector,Entrance fees,NA,0,Taxes and fees in the tourism sector,A,FALSE,FALSE,FALSE,TRUE,FALSE,TRUE,TRUE,FALSE,FALSE,FALSE,FALSE,TRUE,FALSE,In-BFP: not implemented,KGZ
Europe and Central Asia,Kyrgyzstan,TRUE,2019,5,MPD,Mobilization of private donations,NA,NA,0,Mobilization of private donations,A,TRUE,FALSE,FALSE,FALSE,FALSE,FALSE,TRUE,FALSE,FALSE,FALSE,TRUE,FALSE,FALSE,In-BFP: not implemented,KGZ
Europe and Central Asia,Kyrgyzstan,TRUE,2019,5,HS,Change subsidies harmful to biodiversity,NA,NA,0,Change subsidies harmful to biodiversity,A,FALSE,FALSE,FALSE,TRUE,FALSE,TRUE,FALSE,TRUE,TRUE,FALSE,FALSE,TRUE,FALSE,In-BFP: not implemented,KGZ
Europe and Central Asia,Kyrgyzstan,TRUE,2019,5,PBE,Enhance public budget execution,NA,NA,0,Enhance public budget execution,A,TRUE,FALSE,FALSE,TRUE,FALSE,TRUE,FALSE,FALSE,FALSE,TRUE,FALSE,TRUE,FALSE,In-BFP: not implemented,KGZ
Europe and Central Asia,Kyrgyzstan,TRUE,2019,5,TFS,Trust funds (detailed review),NA,under_implementation,1,Trust funds (detailed review),A,TRUE,FALSE,FALSE,FALSE,TRUE,TRUE,FALSE,FALSE,FALSE,TRUE,TRUE,TRUE,TRUE,In-BFP: implemented,KGZ
Europe and Central Asia,Kyrgyzstan,TRUE,2019,5,HS,Change subsidies harmful to biodiversity,NA,under_implementation,1,Change subsidies harmful to biodiversity,A,FALSE,FALSE,FALSE,TRUE,FALSE,TRUE,FALSE,TRUE,TRUE,FALSE,FALSE,TRUE,TRUE,In-BFP: implemented,KGZ
Europe and Central Asia,Kyrgyzstan,FALSE,NA,NA,HS,Change subsidies harmful to biodiversity,NA,not_implemented,0,Change subsidies harmful to biodiversity,A,FALSE,FALSE,FALSE,TRUE,FALSE,TRUE,FALSE,TRUE,TRUE,FALSE,FALSE,TRUE,FALSE,NA,KGZ
Europe and Central Asia,Kyrgyzstan,TRUE,2019,5,PBE,Enhance public budget execution,NA,under_implementation,1,Enhance public budget execution,A,TRUE,FALSE,FALSE,TRUE,FALSE,TRUE,FALSE,FALSE,FALSE,TRUE,FALSE,TRUE,TRUE,In-BFP: implemented,KGZ
Europe and Central Asia,Kyrgyzstan,TRUE,2019,5,RBB,Result based budgeting,NA,under_implementation,1,Result based budgeting,A,FALSE,FALSE,FALSE,FALSE,FALSE,TRUE,FALSE,FALSE,TRUE,TRUE,FALSE,TRUE,TRUE,In-BFP: implemented,KGZ
Europe and Central Asia,Kyrgyzstan,FALSE,NA,NA,PBE,Enhance public budget execution,NA,under_implementation,1,Enhance public budget execution,A,TRUE,FALSE,FALSE,TRUE,FALSE,TRUE,FALSE,FALSE,FALSE,TRUE,FALSE,TRUE,TRUE,Post-BFP: implemented,KGZ
Europe and Central Asia,Kyrgyzstan,FALSE,NA,NA,DBS,Debt-for-Nature Swaps (detailed review),NA,under_implementation,1,Debt-for-Nature Swaps (detailed review),A,TRUE,TRUE,FALSE,FALSE,FALSE,FALSE,TRUE,FALSE,FALSE,FALSE,FALSE,TRUE,TRUE,Post-BFP: implemented,KGZ
Europe and Central Asia,Kyrgyzstan,FALSE,NA,NA,TT,Taxes and fees in the tourism sector,Entrance fees,under_implementation,1,Taxes and fees in the tourism sector,A,FALSE,FALSE,FALSE,TRUE,FALSE,TRUE,TRUE,FALSE,FALSE,FALSE,FALSE,TRUE,TRUE,Post-BFP: implemented,KGZ
Europe and Central Asia,Kyrgyzstan,FALSE,NA,NA,LLR,Land lease revenues,NA,NA,0,Land lease revenues,A,FALSE,FALSE,FALSE,TRUE,FALSE,TRUE,TRUE,FALSE,FALSE,FALSE,FALSE,TRUE,FALSE,NA,KGZ
Europe and Central Asia,Kyrgyzstan,FALSE,NA,NA,TFS,Trust funds (detailed review),Regional Trust Funds,NA,0,Trust funds (detailed review),A,TRUE,FALSE,FALSE,FALSE,TRUE,TRUE,FALSE,FALSE,FALSE,TRUE,TRUE,TRUE,FALSE,NA,KGZ
Europe and Central Asia,Kyrgyzstan,FALSE,NA,NA,EP,Effective procurement,NA,under_implementation,1,Effective procurement,A,FALSE,FALSE,FALSE,FALSE,FALSE,TRUE,FALSE,FALSE,TRUE,TRUE,TRUE,TRUE,TRUE,Post-BFP: implemented,KGZ
Latin America and Caribbean,Costa Rica,TRUE,2018,6,PBE,Enhance public budget execution,NA,NA,0,Enhance public budget execution,A,TRUE,FALSE,FALSE,TRUE,FALSE,TRUE,FALSE,FALSE,FALSE,TRUE,FALSE,TRUE,FALSE,In-BFP: not implemented,CRI
Latin America and Caribbean,Costa Rica,TRUE,2018,6,ES,Enabling solutions,Partnership and platform,NA,0,Enabling  solutions,A,FALSE,FALSE,FALSE,FALSE,FALSE,TRUE,FALSE,TRUE,FALSE,FALSE,FALSE,TRUE,FALSE,In-BFP: not implemented,CRI
Latin America and Caribbean,Costa Rica,TRUE,2018,6,OUT,Outsourcing strategies,NA,NA,0,Outsourcing strategies,A,FALSE,FALSE,FALSE,FALSE,TRUE,TRUE,FALSE,FALSE,TRUE,TRUE,TRUE,TRUE,FALSE,In-BFP: not implemented,CRI
Latin America and Caribbean,Costa Rica,FALSE,NA,NA,GB,Green bonds (detailed review),NA,under_implementation,1,Green bonds (detailed review),A,FALSE,TRUE,FALSE,FALSE,TRUE,FALSE,TRUE,FALSE,FALSE,FALSE,TRUE,TRUE,TRUE,Post-BFP: implemented,CRI
Latin America and Caribbean,Costa Rica,FALSE,NA,NA,PST,Promotion of sustainable tourism,NA,under_implementation,1,Promotion of sustainable tourism,A,FALSE,FALSE,FALSE,FALSE,TRUE,FALSE,TRUE,FALSE,FALSE,TRUE,TRUE,FALSE,TRUE,Post-BFP: implemented,CRI
Latin America and Caribbean,Costa Rica,FALSE,NA,NA,NPA,Non-State Protected Areas,NA,under_implementation,1,Non-State Protected Areas,A,FALSE,FALSE,FALSE,FALSE,TRUE,FALSE,TRUE,FALSE,FALSE,FALSE,TRUE,FALSE,TRUE,Post-BFP: implemented,CRI
Latin America and Caribbean,Costa Rica,TRUE,2018,6,TT,Taxes and fees in the tourism sector,"Tourism, real estate and commercial concessions",under_implementation,1,Taxes and fees in the tourism sector,A,FALSE,FALSE,FALSE,TRUE,FALSE,TRUE,TRUE,FALSE,FALSE,FALSE,FALSE,TRUE,TRUE,In-BFP: implemented,CRI
Latin America and Caribbean,Costa Rica,FALSE,NA,NA,CRW,Crowd funding,NA,under_implementation,1,Crowd funding,A,TRUE,TRUE,FALSE,FALSE,TRUE,FALSE,TRUE,FALSE,FALSE,FALSE,TRUE,FALSE,TRUE,Post-BFP: implemented,CRI
Latin America and Caribbean,Costa Rica,FALSE,NA,NA,PES,Payment for Ecosystem Services (detailed review),NA,under_implementation,1,Payment for Ecosystem Services (detailed review),A,FALSE,FALSE,FALSE,TRUE,TRUE,TRUE,TRUE,FALSE,FALSE,TRUE,TRUE,TRUE,TRUE,Post-BFP: implemented,CRI
Latin America and Caribbean,Costa Rica,FALSE,NA,NA,PST,Promotion of sustainable tourism,NA,under_implementation,1,Promotion of sustainable tourism,A,FALSE,FALSE,FALSE,FALSE,TRUE,FALSE,TRUE,FALSE,FALSE,TRUE,TRUE,FALSE,TRUE,Post-BFP: implemented,CRI
Latin America and Caribbean,Costa Rica,FALSE,NA,NA,VC,Venture capital,Biodiversity business incubator,under_implementation,1,Venture capital,A,FALSE,TRUE,FALSE,FALSE,TRUE,FALSE,TRUE,FALSE,FALSE,FALSE,TRUE,TRUE,TRUE,Post-BFP: implemented,CRI
Latin America and Caribbean,Costa Rica,FALSE,NA,NA,GL,Green lending,Green microfinance,under_implementation,1,Green lending,A,FALSE,TRUE,FALSE,FALSE,TRUE,FALSE,TRUE,FALSE,FALSE,FALSE,TRUE,TRUE,TRUE,Post-BFP: implemented,CRI
Latin America and Caribbean,Costa Rica,FALSE,NA,NA,CS,Corporate sustainability,NA,under_implementation,1,Corporate sustainability,A,TRUE,TRUE,FALSE,FALSE,TRUE,FALSE,TRUE,FALSE,FALSE,TRUE,TRUE,FALSE,TRUE,Post-BFP: implemented,CRI
Latin America and Caribbean,Costa Rica,FALSE,NA,NA,GL,Green lending,NA,under_implementation,1,Green lending,A,FALSE,TRUE,FALSE,FALSE,TRUE,FALSE,TRUE,FALSE,FALSE,FALSE,TRUE,TRUE,TRUE,Post-BFP: implemented,CRI
Latin America and Caribbean,Costa Rica,FALSE,NA,NA,ECF,Enterprise challenge and innovation funds (detailed review),NA,under_implementation,1,Enterprise challenge and innovation funds (detailed review),A,TRUE,TRUE,FALSE,FALSE,TRUE,FALSE,TRUE,FALSE,FALSE,TRUE,TRUE,TRUE,TRUE,Post-BFP: implemented,CRI
Latin America and Caribbean,Costa Rica,FALSE,NA,NA,VC,Venture capital,NA,under_implementation,1,Venture capital,A,FALSE,TRUE,FALSE,FALSE,TRUE,FALSE,TRUE,FALSE,FALSE,FALSE,TRUE,TRUE,TRUE,Post-BFP: implemented,CRI
Latin America and Caribbean,Costa Rica,FALSE,NA,NA,II,Impact investment (detailed review),NA,under_implementation,1,Impact investment (detailed review),A,FALSE,TRUE,FALSE,FALSE,TRUE,FALSE,TRUE,FALSE,FALSE,FALSE,TRUE,FALSE,TRUE,Post-BFP: implemented,CRI
Latin America and Caribbean,Costa Rica,FALSE,NA,NA,BIO,Bioprospecting (detailed review),NA,under_implementation,1,Bioprospecting (detailed review),A,FALSE,FALSE,FALSE,FALSE,TRUE,FALSE,TRUE,FALSE,TRUE,FALSE,TRUE,FALSE,TRUE,Post-BFP: implemented,CRI
Latin America and Caribbean,Costa Rica,FALSE,NA,NA,SDB,Social and development impact bonds (detailed review),NA,under_implementation,1,Social and development impact bonds (detailed review),A,TRUE,TRUE,FALSE,FALSE,TRUE,FALSE,TRUE,FALSE,FALSE,TRUE,TRUE,TRUE,TRUE,Post-BFP: implemented,CRI
Latin America and Caribbean,Ecuador,TRUE,2024,0,LOB,Lobbying for public budget allocations,NA,NA,0,Lobbying for public budget allocations,A,FALSE,FALSE,FALSE,TRUE,FALSE,TRUE,TRUE,TRUE,FALSE,FALSE,FALSE,TRUE,FALSE,In-BFP: not implemented,ECU
Latin America and Caribbean,Ecuador,TRUE,2024,0,PBE,Enhance public budget execution,NA,NA,0,Enhance public budget execution,A,TRUE,FALSE,FALSE,TRUE,FALSE,TRUE,FALSE,FALSE,FALSE,TRUE,FALSE,TRUE,FALSE,In-BFP: not implemented,ECU
Latin America and Caribbean,Ecuador,TRUE,2024,0,RBB,Result based budgeting,NA,NA,0,Result based budgeting,A,FALSE,FALSE,FALSE,FALSE,FALSE,TRUE,FALSE,FALSE,TRUE,TRUE,FALSE,TRUE,FALSE,In-BFP: not implemented,ECU
Latin America and Caribbean,Ecuador,TRUE,2024,0,NCA,Promoting natural capital accounting,NA,NA,0,Promoting natural capital accounting,A,FALSE,FALSE,FALSE,FALSE,FALSE,TRUE,FALSE,TRUE,TRUE,FALSE,TRUE,TRUE,FALSE,In-BFP: not implemented,ECU
Latin America and Caribbean,Ecuador,TRUE,2024,0,ODA,Increasing Official Development Assistance (ODA),Multilateral ODA,NA,0,Increasing Official Development Assistance (ODA),A,TRUE,TRUE,FALSE,FALSE,FALSE,FALSE,TRUE,FALSE,FALSE,FALSE,FALSE,TRUE,FALSE,In-BFP: not implemented,ECU
Latin America and Caribbean,Ecuador,TRUE,2024,0,GB,Green bonds (detailed review),NA,NA,0,Green bonds (detailed review),A,FALSE,TRUE,FALSE,FALSE,TRUE,FALSE,TRUE,FALSE,FALSE,FALSE,TRUE,TRUE,FALSE,In-BFP: not implemented,ECU
Latin America and Caribbean,Ecuador,TRUE,2024,0,SST,Sustainability standards and certification (voluntary),NA,NA,0,Sustainability standards and certification (voluntary),A,FALSE,FALSE,FALSE,FALSE,TRUE,TRUE,FALSE,FALSE,TRUE,FALSE,TRUE,TRUE,FALSE,In-BFP: not implemented,ECU
Latin America and Caribbean,Ecuador,TRUE,2024,0,CS,Corporate sustainability,NA,NA,0,Corporate sustainability,A,TRUE,TRUE,FALSE,FALSE,TRUE,FALSE,TRUE,FALSE,FALSE,TRUE,TRUE,FALSE,FALSE,In-BFP: not implemented,ECU
Latin America and Caribbean,Ecuador,TRUE,2024,0,II,Impact investment (detailed review),NA,NA,0,Impact investment (detailed review),A,FALSE,TRUE,FALSE,FALSE,TRUE,FALSE,TRUE,FALSE,FALSE,FALSE,TRUE,FALSE,FALSE,In-BFP: not implemented,ECU
Latin America and Caribbean,Ecuador,TRUE,2024,0,ES,Enabling solutions,Partnership and platform,NA,0,Enabling  solutions,A,FALSE,FALSE,FALSE,FALSE,FALSE,TRUE,FALSE,TRUE,FALSE,FALSE,FALSE,TRUE,FALSE,In-BFP: not implemented,ECU
Latin America and Caribbean,Ecuador,TRUE,2024,0,TFS,Trust funds (detailed review),NA,NA,0,Trust funds (detailed review),A,TRUE,FALSE,FALSE,FALSE,TRUE,TRUE,FALSE,FALSE,FALSE,TRUE,TRUE,TRUE,FALSE,In-BFP: not implemented,ECU
Latin America and Caribbean,Ecuador,TRUE,2024,0,ODA,Increasing Official Development Assistance (ODA),Multilateral ODA,NA,0,Increasing Official Development Assistance (ODA),A,TRUE,TRUE,FALSE,FALSE,FALSE,FALSE,TRUE,FALSE,FALSE,FALSE,FALSE,TRUE,FALSE,In-BFP: not implemented,ECU
Latin America and Caribbean,Ecuador,TRUE,2024,0,ES,Enabling solutions,NA,NA,0,Enabling  solutions,A,FALSE,FALSE,FALSE,FALSE,FALSE,TRUE,FALSE,TRUE,FALSE,FALSE,FALSE,TRUE,FALSE,In-BFP: not implemented,ECU
Latin America and Caribbean,Ecuador,TRUE,2024,0,TT,Taxes and fees in the tourism sector,Entrance fees,under_implementation,1,Taxes and fees in the tourism sector,A,FALSE,FALSE,FALSE,TRUE,FALSE,TRUE,TRUE,FALSE,FALSE,FALSE,FALSE,TRUE,TRUE,In-BFP: implemented,ECU
Latin America and Caribbean,Ecuador,FALSE,NA,NA,PES,Payment for Ecosystem Services (detailed review),Payment for Ecosystem Services-state intermediation and/or fee,under_implementation,1,Payment for Ecosystem Services (detailed review),A,FALSE,FALSE,FALSE,TRUE,TRUE,TRUE,TRUE,FALSE,FALSE,TRUE,TRUE,TRUE,TRUE,Post-BFP: implemented,ECU
Latin America and Caribbean,Ecuador,FALSE,NA,NA,TFS,Trust funds (detailed review),NA,under_implementation,1,Trust funds (detailed review),A,TRUE,FALSE,FALSE,FALSE,TRUE,TRUE,FALSE,FALSE,FALSE,TRUE,TRUE,TRUE,TRUE,Post-BFP: implemented,ECU
Latin America and Caribbean,Ecuador,TRUE,2024,0,GL,Green lending,Green microfinance,under_implementation,1,Green lending,A,FALSE,TRUE,FALSE,FALSE,TRUE,FALSE,TRUE,FALSE,FALSE,FALSE,TRUE,TRUE,TRUE,In-BFP: implemented,ECU
Latin America and Caribbean,Ecuador,FALSE,NA,NA,PBE,Enhance public budget execution,Enhance local budget execution,under_implementation,1,Enhance public budget execution,A,TRUE,FALSE,FALSE,TRUE,FALSE,TRUE,FALSE,FALSE,FALSE,TRUE,FALSE,TRUE,TRUE,Post-BFP: implemented,ECU
Latin America and Caribbean,Ecuador,FALSE,NA,NA,HS,Change subsidies harmful to biodiversity,NA,under_implementation,1,Change subsidies harmful to biodiversity,A,FALSE,FALSE,FALSE,TRUE,FALSE,TRUE,FALSE,TRUE,TRUE,FALSE,FALSE,TRUE,TRUE,Post-BFP: implemented,ECU
Latin America and Caribbean,Ecuador,FALSE,NA,NA,ECF,Enterprise challenge and innovation funds (detailed review),NA,under_implementation,1,Enterprise challenge and innovation funds (detailed review),A,TRUE,TRUE,FALSE,FALSE,TRUE,FALSE,TRUE,FALSE,FALSE,TRUE,TRUE,TRUE,TRUE,Post-BFP: implemented,ECU
Latin America and Caribbean,Ecuador,FALSE,NA,NA,ES,Enabling solutions,Disclosure,not_implemented,0,Enabling  solutions,A,FALSE,FALSE,FALSE,FALSE,FALSE,TRUE,FALSE,TRUE,FALSE,FALSE,FALSE,TRUE,FALSE,NA,ECU
Africa,Uganda,TRUE,2019,5,EFT,Ecological fiscal transfers (detailed review),NA,under_implementation,1,Ecological fiscal transfers (detailed review),A,FALSE,FALSE,FALSE,TRUE,FALSE,TRUE,FALSE,TRUE,TRUE,FALSE,FALSE,TRUE,TRUE,In-BFP: implemented,UGA
Africa,Uganda,TRUE,2019,5,PES,Payment for Ecosystem Services (detailed review),NA,under_implementation,1,Payment for Ecosystem Services (detailed review),A,FALSE,FALSE,FALSE,TRUE,TRUE,TRUE,TRUE,FALSE,FALSE,TRUE,TRUE,TRUE,TRUE,In-BFP: implemented,UGA
Africa,Uganda,TRUE,2019,5,ISB,Incentives for sustainable business,Conservation incentives,NA,0,Incentives for sustainable business,A,FALSE,FALSE,FALSE,TRUE,TRUE,TRUE,TRUE,TRUE,TRUE,TRUE,FALSE,TRUE,FALSE,In-BFP: not implemented,UGA
Africa,Uganda,TRUE,2019,5,PST,Promotion of sustainable tourism,NA,under_implementation,1,Promotion of sustainable tourism,A,FALSE,FALSE,FALSE,FALSE,TRUE,FALSE,TRUE,FALSE,FALSE,TRUE,TRUE,FALSE,TRUE,In-BFP: implemented,UGA
Africa,Uganda,TRUE,2019,5,SST,Sustainability standards and certification (voluntary),NA,NA,0,Sustainability standards and certification (voluntary),A,FALSE,FALSE,FALSE,FALSE,TRUE,TRUE,FALSE,FALSE,TRUE,FALSE,TRUE,TRUE,FALSE,In-BFP: not implemented,UGA
Africa,Uganda,TRUE,2019,5,TFWI,Taxes and fees in the wildlife sector,NA,NA,0,Taxes and fees in the wildlife sector,A,FALSE,FALSE,FALSE,TRUE,FALSE,TRUE,TRUE,FALSE,FALSE,FALSE,FALSE,TRUE,FALSE,In-BFP: not implemented,UGA
Africa,Uganda,TRUE,2019,5,TFF,"Taxes, Fees and Royalties in the Forestry Sector",NA,NA,0,"Taxes, Fees and Royalties in the Forestry Sector",A,FALSE,FALSE,FALSE,TRUE,FALSE,TRUE,TRUE,FALSE,FALSE,FALSE,FALSE,TRUE,FALSE,In-BFP: not implemented,UGA
Africa,Uganda,TRUE,2019,5,TFW,"Tarrifs, fees and taxes in the water sector",NA,NA,0,"Tarrifs, fees and taxes in the water sector",A,FALSE,FALSE,FALSE,TRUE,FALSE,TRUE,TRUE,FALSE,FALSE,FALSE,FALSE,TRUE,FALSE,In-BFP: not implemented,UGA
Africa,Uganda,TRUE,2019,5,ES,Enabling solutions,NA,NA,0,Enabling  solutions,A,FALSE,FALSE,FALSE,FALSE,FALSE,TRUE,FALSE,TRUE,FALSE,FALSE,FALSE,TRUE,FALSE,In-BFP: not implemented,UGA
Africa,Uganda,TRUE,2019,5,BO,Biodiversity offsets (detailed review),NA,NA,0,Biodiversity offsets (detailed review),A,FALSE,FALSE,FALSE,FALSE,TRUE,FALSE,TRUE,FALSE,FALSE,TRUE,TRUE,TRUE,FALSE,In-BFP: not implemented,UGA
Africa,Madagascar,TRUE,2022,2,DBS,Debt-for-Nature Swaps (detailed review),NA,NA,0,Debt-for-Nature Swaps (detailed review),A,TRUE,TRUE,FALSE,FALSE,FALSE,FALSE,TRUE,FALSE,FALSE,FALSE,FALSE,TRUE,FALSE,In-BFP: not implemented,MDG
Africa,Madagascar,TRUE,2022,2,TFF,"Taxes, fees and royalties in the forestry sector",NA,under_implementation,1,"Taxes, Fees and Royalties in the Forestry Sector",A,FALSE,FALSE,FALSE,TRUE,FALSE,TRUE,TRUE,FALSE,FALSE,FALSE,FALSE,TRUE,TRUE,In-BFP: implemented,MDG
Africa,Madagascar,TRUE,2022,2,TFS,Trust funds (detailed review),"Climate, carbon and forestry funds",NA,0,Trust funds (detailed review),A,TRUE,FALSE,FALSE,FALSE,TRUE,TRUE,FALSE,FALSE,FALSE,TRUE,TRUE,TRUE,FALSE,In-BFP: not implemented,MDG
Africa,Madagascar,TRUE,2022,2,TFS,Trust funds (detailed review),NA,under_implementation,1,Trust funds (detailed review),A,TRUE,FALSE,FALSE,FALSE,TRUE,TRUE,FALSE,FALSE,FALSE,TRUE,TRUE,TRUE,TRUE,In-BFP: implemented,MDG
Africa,Madagascar,TRUE,2022,2,PST,Promotion of sustainable tourism,NA,NA,0,Promotion of sustainable tourism,A,FALSE,FALSE,FALSE,FALSE,TRUE,FALSE,TRUE,FALSE,FALSE,TRUE,TRUE,FALSE,FALSE,In-BFP: not implemented,MDG
Africa,Madagascar,TRUE,2022,2,BO,Biodiversity offsets (detailed review),NA,NA,0,Biodiversity offsets (detailed review),A,FALSE,FALSE,FALSE,FALSE,TRUE,FALSE,TRUE,FALSE,FALSE,TRUE,TRUE,TRUE,FALSE,In-BFP: not implemented,MDG
Africa,Madagascar,TRUE,2022,2,ES,Enabling solutions,Partnership and platform,NA,0,Enabling  solutions,A,FALSE,FALSE,FALSE,FALSE,FALSE,TRUE,FALSE,TRUE,FALSE,FALSE,FALSE,TRUE,FALSE,In-BFP: not implemented,MDG
Africa,Madagascar,TRUE,2022,2,CM,Carbon markets (detailed review),REDD+,NA,0,Carbon markets (detailed review),A,FALSE,FALSE,FALSE,FALSE,TRUE,TRUE,TRUE,FALSE,TRUE,FALSE,TRUE,TRUE,FALSE,In-BFP: not implemented,MDG
Africa,Madagascar,TRUE,2022,2,BO,Biodiversity offsets (detailed review),NA,NA,0,Biodiversity offsets (detailed review),A,FALSE,FALSE,FALSE,FALSE,TRUE,FALSE,TRUE,FALSE,FALSE,TRUE,TRUE,TRUE,FALSE,In-BFP: not implemented,MDG
Africa,Madagascar,TRUE,2022,2,TFI,"Taxes, fees and quotas in the fishery sector",NA,NA,0,"Taxes, fees and quotas in the fishery sector",A,FALSE,FALSE,FALSE,TRUE,FALSE,TRUE,TRUE,FALSE,TRUE,FALSE,FALSE,TRUE,FALSE,In-BFP: not implemented,MDG
Africa,Madagascar,TRUE,2022,2,CM,Carbon markets (detailed review),REDD+,NA,0,Carbon markets (detailed review),A,FALSE,FALSE,FALSE,FALSE,TRUE,TRUE,TRUE,FALSE,TRUE,FALSE,TRUE,TRUE,FALSE,In-BFP: not implemented,MDG
Africa,Madagascar,TRUE,2022,2,ODA,Increasing Official Development Assistance (ODA),Bilateral ODA,NA,0,Increasing Official Development Assistance (ODA),A,TRUE,TRUE,FALSE,FALSE,FALSE,FALSE,TRUE,FALSE,FALSE,FALSE,FALSE,TRUE,FALSE,In-BFP: not implemented,MDG
Africa,Madagascar,TRUE,2022,2,PBE,Enhance public budget execution,Remove barriers for public budget execution-internal,under_implementation,1,Enhance public budget execution,A,TRUE,FALSE,FALSE,TRUE,FALSE,TRUE,FALSE,FALSE,FALSE,TRUE,FALSE,TRUE,TRUE,In-BFP: implemented,MDG
Africa,Madagascar,TRUE,2022,2,RBB,Result based budgeting,NA,under_implementation,1,Result based budgeting,A,FALSE,FALSE,FALSE,FALSE,FALSE,TRUE,FALSE,FALSE,TRUE,TRUE,FALSE,TRUE,TRUE,In-BFP: implemented,MDG
Africa,Madagascar,TRUE,2022,2,BFS,Biodiversity friendly subsidies,Subsidies for organic agriculture,NA,0,Biodiversity friendly subsidies,A,TRUE,FALSE,FALSE,TRUE,FALSE,TRUE,FALSE,FALSE,TRUE,FALSE,FALSE,TRUE,FALSE,In-BFP: not implemented,MDG
Africa,Madagascar,TRUE,2022,2,TT,Taxes and fees in the tourism sector,NA,NA,0,Taxes and fees in the tourism sector,A,FALSE,FALSE,FALSE,TRUE,FALSE,TRUE,TRUE,FALSE,FALSE,FALSE,FALSE,TRUE,FALSE,In-BFP: not implemented,MDG
Africa,Madagascar,TRUE,2022,2,PST,Promotion of sustainable tourism,NA,NA,0,Promotion of sustainable tourism,A,FALSE,FALSE,FALSE,FALSE,TRUE,FALSE,TRUE,FALSE,FALSE,TRUE,TRUE,FALSE,FALSE,In-BFP: not implemented,MDG
Africa,Madagascar,TRUE,2022,2,SST,Sustainability standards and certification (voluntary),Eco-labels,NA,0,Sustainability standards and certification (voluntary),A,FALSE,FALSE,FALSE,FALSE,TRUE,TRUE,FALSE,FALSE,TRUE,FALSE,TRUE,TRUE,FALSE,In-BFP: not implemented,MDG
Africa,Madagascar,TRUE,2022,2,PBE,Enhance public budget execution,NA,NA,0,Enhance public budget execution,A,TRUE,FALSE,FALSE,TRUE,FALSE,TRUE,FALSE,FALSE,FALSE,TRUE,FALSE,TRUE,FALSE,In-BFP: not implemented,MDG
Africa,Madagascar,TRUE,2022,2,ABS,Access and Benefit Sharing,NA,NA,0,Access and Benefit Sharing,A,FALSE,FALSE,FALSE,FALSE,FALSE,TRUE,TRUE,FALSE,FALSE,TRUE,FALSE,TRUE,FALSE,In-BFP: not implemented,MDG
Africa,Madagascar,TRUE,2022,2,CS,Corporate sustainability,NA,NA,0,Corporate sustainability,A,TRUE,TRUE,FALSE,FALSE,TRUE,FALSE,TRUE,FALSE,FALSE,TRUE,TRUE,FALSE,FALSE,In-BFP: not implemented,MDG
Africa,Madagascar,FALSE,NA,NA,GB,Green bonds,Blue bonds,under_implementation,1,Green bonds (detailed review),A,FALSE,TRUE,FALSE,FALSE,TRUE,FALSE,TRUE,FALSE,FALSE,FALSE,TRUE,TRUE,TRUE,Post-BFP: implemented,MDG
Africa,Madagascar,FALSE,NA,NA,CM,Carbon markets (detailed review),Voluntary climate financing,under_implementation,1,Carbon markets (detailed review),A,FALSE,FALSE,FALSE,FALSE,TRUE,TRUE,TRUE,FALSE,TRUE,FALSE,TRUE,TRUE,TRUE,Post-BFP: implemented,MDG
Africa,Madagascar,FALSE,NA,NA,GL,Green lending,Green microfinance,under_implementation,1,Green lending,A,FALSE,TRUE,FALSE,FALSE,TRUE,FALSE,TRUE,FALSE,FALSE,FALSE,TRUE,TRUE,TRUE,Post-BFP: implemented,MDG
Africa,Madagascar,FALSE,NA,NA,PES,Payment for Ecosystem Services (detailed review),NA,under_implementation,1,Payment for Ecosystem Services (detailed review),A,FALSE,FALSE,FALSE,TRUE,TRUE,TRUE,TRUE,FALSE,FALSE,TRUE,TRUE,TRUE,TRUE,Post-BFP: implemented,MDG
Asia and the Pacific,India,TRUE,2019,5,LOB,Lobbying for public budget allocations,NA,NA,0,Lobbying for public budget allocations,A,FALSE,FALSE,FALSE,TRUE,FALSE,TRUE,TRUE,TRUE,FALSE,FALSE,FALSE,TRUE,FALSE,In-BFP: not implemented,IND
Asia and the Pacific,India,TRUE,2019,5,TFS,Trust funds (detailed review),NA,NA,0,Trust funds (detailed review),A,TRUE,FALSE,FALSE,FALSE,TRUE,TRUE,FALSE,FALSE,FALSE,TRUE,TRUE,TRUE,FALSE,In-BFP: not implemented,IND
Asia and the Pacific,India,TRUE,2019,5,PBE,Enhance public budget execution,NA,under_implementation,1,Enhance public budget execution,A,TRUE,FALSE,FALSE,TRUE,FALSE,TRUE,FALSE,FALSE,FALSE,TRUE,FALSE,TRUE,TRUE,In-BFP: implemented,IND
Asia and the Pacific,India,TRUE,2019,5,ES,Enabling solutions,Partnership and platform,NA,0,Enabling  solutions,A,FALSE,FALSE,FALSE,FALSE,FALSE,TRUE,FALSE,TRUE,FALSE,FALSE,FALSE,TRUE,FALSE,In-BFP: not implemented,IND
Asia and the Pacific,India,TRUE,2019,5,CD,Corporate and corporate foundations' donations,NA,under_implementation,1,Corporate and corporate foundations' donations,A,TRUE,TRUE,FALSE,FALSE,TRUE,FALSE,TRUE,FALSE,FALSE,TRUE,TRUE,FALSE,TRUE,In-BFP: implemented,IND
Asia and the Pacific,India,TRUE,2019,5,BIF,Biodiversity Inverstment funds,NA,NA,0,Biodiversity Inverstment funds,A,FALSE,TRUE,FALSE,FALSE,TRUE,FALSE,TRUE,FALSE,FALSE,FALSE,TRUE,FALSE,FALSE,In-BFP: not implemented,IND
Asia and the Pacific,India,TRUE,2019,5,BIO,Bioprospecting (detailed review),NA,under_implementation,1,Bioprospecting (detailed review),A,FALSE,FALSE,FALSE,FALSE,TRUE,FALSE,TRUE,FALSE,TRUE,FALSE,TRUE,FALSE,TRUE,In-BFP: implemented,IND
Asia and the Pacific,India,TRUE,2019,5,EC,Compensation for planned environmental damage,NA,NA,0,Compensation for planned environmental damage,A,FALSE,FALSE,FALSE,FALSE,FALSE,TRUE,TRUE,FALSE,TRUE,FALSE,FALSE,TRUE,FALSE,In-BFP: not implemented,IND
Asia and the Pacific,India,TRUE,2019,5,EFT,Ecological fiscal transfers (detailed review),NA,NA,0,Ecological fiscal transfers (detailed review),A,FALSE,FALSE,FALSE,TRUE,FALSE,TRUE,FALSE,TRUE,TRUE,FALSE,FALSE,TRUE,FALSE,In-BFP: not implemented,IND
Asia and the Pacific,India,TRUE,2019,5,ODA,Increasing Official Development Assistance (ODA),NA,NA,0,Increasing Official Development Assistance (ODA),A,TRUE,TRUE,FALSE,FALSE,FALSE,FALSE,TRUE,FALSE,FALSE,FALSE,FALSE,TRUE,FALSE,In-BFP: not implemented,IND
Asia and the Pacific,India,TRUE,2019,5,PES,Payment for Ecosystem Services (detailed review),NA,NA,0,Payment for Ecosystem Services (detailed review),A,FALSE,FALSE,FALSE,TRUE,TRUE,TRUE,TRUE,FALSE,FALSE,TRUE,TRUE,TRUE,FALSE,In-BFP: not implemented,IND
Asia and the Pacific,India,TRUE,2019,5,TFW,"Tarrifs, fees and taxes in the water sector",NA,NA,0,"Tarrifs, fees and taxes in the water sector",A,FALSE,FALSE,FALSE,TRUE,FALSE,TRUE,TRUE,FALSE,FALSE,FALSE,FALSE,TRUE,FALSE,In-BFP: not implemented,IND
Asia and the Pacific,India,FALSE,NA,NA,FNT,Fintech,NA,under_implementation,1,Fintech,A,FALSE,FALSE,FALSE,FALSE,FALSE,FALSE,FALSE,FALSE,TRUE,TRUE,TRUE,TRUE,TRUE,Post-BFP: implemented,IND
Asia and the Pacific,India,FALSE,NA,NA,ES,Enabling solutions,Disclosure,under_implementation,1,Enabling  solutions,A,FALSE,FALSE,FALSE,FALSE,FALSE,TRUE,FALSE,TRUE,FALSE,FALSE,FALSE,TRUE,TRUE,Post-BFP: implemented,IND
Asia and the Pacific,Philippines,TRUE,2016,8,LOB,Lobbying for public budget allocations, ,under_implementation,1,Lobbying for public budget allocations,A,FALSE,FALSE,FALSE,TRUE,FALSE,TRUE,TRUE,TRUE,FALSE,FALSE,FALSE,TRUE,TRUE,In-BFP: implemented,PHL
Asia and the Pacific,Philippines,TRUE,2016,8,ES,Enabling solutions,Expenditure reporting,NA,0,Enabling  solutions,A,FALSE,FALSE,FALSE,FALSE,FALSE,TRUE,FALSE,TRUE,FALSE,FALSE,FALSE,TRUE,FALSE,In-BFP: not implemented,PHL
Asia and the Pacific,Philippines,TRUE,2016,8,PBE,Enhance public budget execution, ,NA,0,Enhance public budget execution,A,TRUE,FALSE,FALSE,TRUE,FALSE,TRUE,FALSE,FALSE,FALSE,TRUE,FALSE,TRUE,FALSE,In-BFP: not implemented,PHL
Asia and the Pacific,Philippines,TRUE,2016,8,LOB,Lobbying for public budget allocations, ,NA,0,Lobbying for public budget allocations,A,FALSE,FALSE,FALSE,TRUE,FALSE,TRUE,TRUE,TRUE,FALSE,FALSE,FALSE,TRUE,FALSE,In-BFP: not implemented,PHL
Asia and the Pacific,Philippines,TRUE,2016,8,TT,Taxes and fees in the tourism sector, ,under_implementation,1,Taxes and fees in the tourism sector,A,FALSE,FALSE,FALSE,TRUE,FALSE,TRUE,TRUE,FALSE,FALSE,FALSE,FALSE,TRUE,TRUE,In-BFP: implemented,PHL
Asia and the Pacific,Philippines,TRUE,2016,8,TFS,Trust funds (detailed review), ,NA,0,Trust funds (detailed review),A,TRUE,FALSE,FALSE,FALSE,TRUE,TRUE,FALSE,FALSE,FALSE,TRUE,TRUE,TRUE,FALSE,In-BFP: not implemented,PHL
Asia and the Pacific,Philippines,TRUE,2016,8,EAR,Earmarking and retention of biodiversity revenues (self income), ,NA,0,Earmarking and retention of biodiversity revenues (self income),A,FALSE,FALSE,FALSE,TRUE,FALSE,TRUE,FALSE,TRUE,FALSE,FALSE,FALSE,TRUE,FALSE,In-BFP: not implemented,PHL
Asia and the Pacific,Philippines,TRUE,2016,8,TFS,Trust funds (detailed review), ,under_implementation,1,Trust funds (detailed review),A,TRUE,FALSE,FALSE,FALSE,TRUE,TRUE,FALSE,FALSE,FALSE,TRUE,TRUE,TRUE,TRUE,In-BFP: implemented,PHL
Asia and the Pacific,Philippines,TRUE,2016,8,EFT,Ecological fiscal transfers (detailed review), ,NA,0,Ecological fiscal transfers (detailed review),A,FALSE,FALSE,FALSE,TRUE,FALSE,TRUE,FALSE,TRUE,TRUE,FALSE,FALSE,TRUE,FALSE,In-BFP: not implemented,PHL
Asia and the Pacific,Philippines,TRUE,2016,8,CRW,Crowd funding, ,implemented,1,Crowd funding,A,TRUE,TRUE,FALSE,FALSE,TRUE,FALSE,TRUE,FALSE,FALSE,FALSE,TRUE,FALSE,TRUE,In-BFP: implemented,PHL
Asia and the Pacific,Philippines,TRUE,2016,8,CS,Corporate sustainability, ,not_implemented,0,Corporate sustainability,A,TRUE,TRUE,FALSE,FALSE,TRUE,FALSE,TRUE,FALSE,FALSE,TRUE,TRUE,FALSE,FALSE,In-BFP: not implemented,PHL
Asia and the Pacific,Philippines,TRUE,2016,8,ES,Enabling solutions,Partnership and platform,under_implementation,1,Enabling  solutions,A,FALSE,FALSE,FALSE,FALSE,FALSE,TRUE,FALSE,TRUE,FALSE,FALSE,FALSE,TRUE,TRUE,In-BFP: implemented,PHL
Asia and the Pacific,Philippines,TRUE,2016,8,II,Impact investment (detailed review), ,NA,0,Impact investment (detailed review),A,FALSE,TRUE,FALSE,FALSE,TRUE,FALSE,TRUE,FALSE,FALSE,FALSE,TRUE,FALSE,FALSE,In-BFP: not implemented,PHL
Asia and the Pacific,Philippines,TRUE,2016,8,CLP,Conservation or wildlife themed items,Products sold for conservation or wildlife,implemented,1,Conservation or wildlife themed items,A,FALSE,FALSE,FALSE,FALSE,TRUE,TRUE,TRUE,FALSE,FALSE,FALSE,TRUE,TRUE,TRUE,In-BFP: implemented,PHL
Asia and the Pacific,Philippines,FALSE,NA,NA,ES,Enabling solutions,Expenditure reporting,completed,1,Enabling  solutions,A,FALSE,FALSE,FALSE,FALSE,FALSE,TRUE,FALSE,TRUE,FALSE,FALSE,FALSE,TRUE,TRUE,Post-BFP: implemented,PHL
Asia and the Pacific,Philippines,FALSE,NA,NA,ES,Enabling solutions,Expenditure reporting,implemented,1,Enabling  solutions,A,FALSE,FALSE,FALSE,FALSE,FALSE,TRUE,FALSE,TRUE,FALSE,FALSE,FALSE,TRUE,TRUE,Post-BFP: implemented,PHL
Asia and the Pacific,Philippines,FALSE,NA,NA,LOB,Lobbying for public budget allocations, ,under_implementation,1,Lobbying for public budget allocations,A,FALSE,FALSE,FALSE,TRUE,FALSE,TRUE,TRUE,TRUE,FALSE,FALSE,FALSE,TRUE,TRUE,Post-BFP: implemented,PHL
Asia and the Pacific,Philippines,FALSE,NA,NA,LOB,Lobbying for public budget allocations, ,under_implementation,1,Lobbying for public budget allocations,A,FALSE,FALSE,FALSE,TRUE,FALSE,TRUE,TRUE,TRUE,FALSE,FALSE,FALSE,TRUE,TRUE,Post-BFP: implemented,PHL
Asia and the Pacific,Philippines,FALSE,NA,NA,PBE,Enhance public budget execution,Enhance local budget execution,under_implementation,1,Enhance public budget execution,A,TRUE,FALSE,FALSE,TRUE,FALSE,TRUE,FALSE,FALSE,FALSE,TRUE,FALSE,TRUE,TRUE,Post-BFP: implemented,PHL
Asia and the Pacific,Philippines,FALSE,NA,NA,TFS,Trust funds (detailed review), ,under_implementation,1,Trust funds (detailed review),A,TRUE,FALSE,FALSE,FALSE,TRUE,TRUE,FALSE,FALSE,FALSE,TRUE,TRUE,TRUE,TRUE,Post-BFP: implemented,PHL
Asia and the Pacific,Philippines,FALSE,NA,NA,ES,Enabling solutions, ,under_implementation,1,Enabling  solutions,A,FALSE,FALSE,FALSE,FALSE,FALSE,TRUE,FALSE,TRUE,FALSE,FALSE,FALSE,TRUE,TRUE,Post-BFP: implemented,PHL
Asia and the Pacific,Philippines,FALSE,NA,NA,ES,Enabling solutions,Mainstreaming,completed,1,Enabling  solutions,A,FALSE,FALSE,FALSE,FALSE,FALSE,TRUE,FALSE,TRUE,FALSE,FALSE,FALSE,TRUE,TRUE,Post-BFP: implemented,PHL
Asia and the Pacific,Philippines,FALSE,NA,NA,MPD,Mobilization of private donations, ,under_implementation,1,Mobilization of private donations,A,TRUE,FALSE,FALSE,FALSE,FALSE,FALSE,TRUE,FALSE,FALSE,FALSE,TRUE,FALSE,TRUE,Post-BFP: implemented,PHL
Asia and the Pacific,Philippines,FALSE,NA,NA,ES,Enabling solutions, ,completed,1,Enabling  solutions,A,FALSE,FALSE,FALSE,FALSE,FALSE,TRUE,FALSE,TRUE,FALSE,FALSE,FALSE,TRUE,TRUE,Post-BFP: implemented,PHL
Asia and the Pacific,Philippines,FALSE,NA,NA,ES,Enabling solutions, ,under_implementation,1,Enabling  solutions,A,FALSE,FALSE,FALSE,FALSE,FALSE,TRUE,FALSE,TRUE,FALSE,FALSE,FALSE,TRUE,TRUE,Post-BFP: implemented,PHL
Asia and the Pacific,Philippines,FALSE,NA,NA,ES,Enabling solutions, ,under_implementation,1,Enabling  solutions,A,FALSE,FALSE,FALSE,FALSE,FALSE,TRUE,FALSE,TRUE,FALSE,FALSE,FALSE,TRUE,TRUE,Post-BFP: implemented,PHL
Latin America and Caribbean,Mexico,TRUE,2018,6,RBB,Result based budgeting, ,NA,0,Result based budgeting,A,FALSE,FALSE,FALSE,FALSE,FALSE,TRUE,FALSE,FALSE,TRUE,TRUE,FALSE,TRUE,FALSE,In-BFP: not implemented,MEX
Latin America and Caribbean,Mexico,TRUE,2018,6,TFS,Trust funds (detailed review),"Climate, carbon and forestry funds",NA,0,Trust funds (detailed review),A,TRUE,FALSE,FALSE,FALSE,TRUE,TRUE,FALSE,FALSE,FALSE,TRUE,TRUE,TRUE,FALSE,In-BFP: not implemented,MEX
Latin America and Caribbean,Mexico,TRUE,2018,6,II,Impact investment (detailed review), ,NA,0,Impact investment (detailed review),A,FALSE,TRUE,FALSE,FALSE,TRUE,FALSE,TRUE,FALSE,FALSE,FALSE,TRUE,FALSE,FALSE,In-BFP: not implemented,MEX
Latin America and Caribbean,Mexico,TRUE,2018,6,GK,Green Banks, ,NA,0,Green banks,A,FALSE,TRUE,FALSE,FALSE,TRUE,FALSE,TRUE,FALSE,FALSE,TRUE,FALSE,TRUE,FALSE,In-BFP: not implemented,MEX
Latin America and Caribbean,Mexico,TRUE,2018,6,GS,Green Stock, ,NA,0,Green stock,A,FALSE,TRUE,FALSE,FALSE,TRUE,FALSE,TRUE,FALSE,FALSE,FALSE,TRUE,FALSE,FALSE,In-BFP: not implemented,MEX
Latin America and Caribbean,Mexico,TRUE,2018,6,ODA,Increasing Official Development Assistance (ODA),Aid coordination strategies,NA,0,Increasing Official Development Assistance (ODA),A,TRUE,TRUE,FALSE,FALSE,FALSE,FALSE,TRUE,FALSE,FALSE,FALSE,FALSE,TRUE,FALSE,In-BFP: not implemented,MEX
Latin America and Caribbean,Mexico,FALSE,NA,NA,HS,Change subsidies harmful to biodiversity, ,under_implementation,1,Change subsidies harmful to biodiversity,A,FALSE,FALSE,FALSE,TRUE,FALSE,TRUE,FALSE,TRUE,TRUE,FALSE,FALSE,TRUE,TRUE,Post-BFP: implemented,MEX
Latin America and Caribbean,Mexico,FALSE,NA,NA,NCA,Promoting natural capital accounting,NA,under_implementation,1,Promoting natural capital accounting,A,FALSE,FALSE,FALSE,FALSE,FALSE,TRUE,FALSE,TRUE,TRUE,FALSE,TRUE,TRUE,TRUE,Post-BFP: implemented,MEX
Latin America and Caribbean,Mexico,TRUE,2018,6,ODA,Climate aid, ,under_implementation,1,Increasing Official Development Assistance (ODA),A,TRUE,TRUE,FALSE,FALSE,FALSE,FALSE,TRUE,FALSE,FALSE,FALSE,FALSE,TRUE,TRUE,In-BFP: implemented,MEX
Latin America and Caribbean,Mexico,TRUE,2018,6,CM,Carbon markets (detailed review), ,under_implementation,1,Carbon markets (detailed review),A,FALSE,FALSE,FALSE,FALSE,TRUE,TRUE,TRUE,FALSE,TRUE,FALSE,TRUE,TRUE,TRUE,In-BFP: implemented,MEX
Latin America and Caribbean,Mexico,FALSE,NA,NA,TNRR,Taxes on natural resources (non-renewables), ,under_implementation,1,Taxes on natural resources (non-renewables),A,FALSE,FALSE,FALSE,TRUE,FALSE,TRUE,TRUE,FALSE,TRUE,FALSE,FALSE,TRUE,TRUE,Post-BFP: implemented,MEX
Latin America and Caribbean,Mexico,FALSE,NA,NA,PES,Payment for Ecosystem Services (detailed review), ,under_implementation,1,Payment for Ecosystem Services (detailed review),A,FALSE,FALSE,FALSE,TRUE,TRUE,TRUE,TRUE,FALSE,FALSE,TRUE,TRUE,TRUE,TRUE,Post-BFP: implemented,MEX
Latin America and Caribbean,Mexico,FALSE,NA,NA,CT,Carbon tax, ,under_implementation,1,Carbon tax,A,FALSE,FALSE,FALSE,TRUE,FALSE,TRUE,TRUE,FALSE,TRUE,FALSE,FALSE,TRUE,TRUE,Post-BFP: implemented,MEX
Latin America and Caribbean,Mexico,FALSE,NA,NA,BO,Biodiversity offsets (detailed review), ,under_implementation,1,Biodiversity offsets (detailed review),A,FALSE,FALSE,FALSE,FALSE,TRUE,FALSE,TRUE,FALSE,FALSE,TRUE,TRUE,TRUE,TRUE,Post-BFP: implemented,MEX
Latin America and Caribbean,Mexico,FALSE,NA,NA,GP,Green procurement, ,under_implementation,1,Green procurement,A,FALSE,FALSE,FALSE,FALSE,TRUE,FALSE,FALSE,FALSE,TRUE,FALSE,TRUE,FALSE,TRUE,Post-BFP: implemented,MEX
Latin America and Caribbean,Mexico,TRUE,2018,6,PES,Payment for Ecosystem Services (detailed review), ,under_implementation,1,Payment for Ecosystem Services (detailed review),A,FALSE,FALSE,FALSE,TRUE,TRUE,TRUE,TRUE,FALSE,FALSE,TRUE,TRUE,TRUE,TRUE,In-BFP: implemented,MEX
Latin America and Caribbean,Mexico,FALSE,2018,6,PST,​​Promotion of sustainable tourism​, ,under_implementation,1,Promotion of sustainable tourism,A,FALSE,FALSE,FALSE,FALSE,TRUE,FALSE,TRUE,FALSE,FALSE,TRUE,TRUE,FALSE,TRUE,Post-BFP: implemented,MEX
Latin America and Caribbean,Mexico,FALSE,NA,NA,TFS,Trust funds (detailed review), ,under_implementation,1,Trust funds (detailed review),A,TRUE,FALSE,FALSE,FALSE,TRUE,TRUE,FALSE,FALSE,FALSE,TRUE,TRUE,TRUE,TRUE,Post-BFP: implemented,MEX
Latin America and Caribbean,Mexico,FALSE,NA,NA,RBB,Result based budgeting, ,under_implementation,1,Result based budgeting,A,FALSE,FALSE,FALSE,FALSE,FALSE,TRUE,FALSE,FALSE,TRUE,TRUE,FALSE,TRUE,TRUE,Post-BFP: implemented,MEX
Latin America and Caribbean,Mexico,FALSE,NA,NA,PBE,Enhance public budget execution, ,under_implementation,1,Enhance public budget execution,A,TRUE,FALSE,FALSE,TRUE,FALSE,TRUE,FALSE,FALSE,FALSE,TRUE,FALSE,TRUE,TRUE,Post-BFP: implemented,MEX
Latin America and Caribbean,Mexico,TRUE,2018,6,MPD,Mobilization of private donations, ,under_implementation,1,Mobilization of private donations,A,TRUE,FALSE,FALSE,FALSE,FALSE,FALSE,TRUE,FALSE,FALSE,FALSE,TRUE,FALSE,TRUE,In-BFP: implemented,MEX
Latin America and Caribbean,Mexico,FALSE,NA,NA,TNRR,Taxes on natural resources (non-renewables), ,under_implementation,1,Taxes on natural resources (non-renewables),A,FALSE,FALSE,FALSE,TRUE,FALSE,TRUE,TRUE,FALSE,TRUE,FALSE,FALSE,TRUE,TRUE,Post-BFP: implemented,MEX
Latin America and Caribbean,Mexico,FALSE,NA,NA,EIA,Environmental (and Social) Impact Assessment, ,under_implementation,1,Environmental (and Social) Impact Assessment,A,FALSE,FALSE,FALSE,TRUE,FALSE,TRUE,FALSE,FALSE,TRUE,TRUE,FALSE,TRUE,TRUE,Post-BFP: implemented,MEX
Latin America and Caribbean,Mexico,FALSE,NA,NA,VC,Venture capital, ,under_implementation,1,Venture capital,A,FALSE,TRUE,FALSE,FALSE,TRUE,FALSE,TRUE,FALSE,FALSE,FALSE,TRUE,TRUE,TRUE,Post-BFP: implemented,MEX
Latin America and Caribbean,Mexico,FALSE,NA,NA,ERI,Environmental risk insurance, ,under_implementation,1,Environmental risk insurance,A,FALSE,FALSE,TRUE,FALSE,FALSE,FALSE,FALSE,FALSE,TRUE,FALSE,TRUE,TRUE,TRUE,Post-BFP: implemented,MEX
Latin America and Caribbean,Mexico,TRUE,2018,6,ISB,Incentives for sustainable business, ,under_implementation,1,Incentives for sustainable business,A,FALSE,FALSE,FALSE,TRUE,TRUE,TRUE,TRUE,TRUE,TRUE,TRUE,FALSE,TRUE,TRUE,In-BFP: implemented,MEX
Latin America and Caribbean,Mexico,FALSE,NA,NA,BC,Biodiversity credit, ,under_implementation,1,Biodiversity credit,A,FALSE,FALSE,FALSE,FALSE,TRUE,FALSE,TRUE,FALSE,FALSE,TRUE,TRUE,FALSE,TRUE,Post-BFP: implemented,MEX
Latin America and Caribbean,Mexico,FALSE,NA,NA,PES,Payment for Ecosystem Services (detailed review),Payment for Ecosystem Services-state intermediation and/or fee,under_implementation,1,Payment for Ecosystem Services (detailed review),A,FALSE,FALSE,FALSE,TRUE,TRUE,TRUE,TRUE,FALSE,FALSE,TRUE,TRUE,TRUE,TRUE,Post-BFP: implemented,MEX
Latin America and Caribbean,Mexico,FALSE,NA,NA,VC,Venture capital,Biodiversity business incubator,under_implementation,1,Venture capital,A,FALSE,TRUE,FALSE,FALSE,TRUE,FALSE,TRUE,FALSE,FALSE,FALSE,TRUE,TRUE,TRUE,Post-BFP: implemented,MEX
Latin America and Caribbean,Mexico,FALSE,NA,NA,CS,Corporate sustainability,Corporate supply chain management,under_implementation,1,Corporate sustainability,A,TRUE,TRUE,FALSE,FALSE,TRUE,FALSE,TRUE,FALSE,FALSE,TRUE,TRUE,FALSE,TRUE,Post-BFP: implemented,MEX
Latin America and Caribbean,Mexico,TRUE,2018,6,GK,Green banks, ,under_implementation,1,Green banks,A,FALSE,TRUE,FALSE,FALSE,TRUE,FALSE,TRUE,FALSE,FALSE,TRUE,FALSE,TRUE,TRUE,In-BFP: implemented,MEX
Latin America and Caribbean,Mexico,FALSE,NA,NA,SST,Sustainability standards and certification (voluntary), ,under_implementation,1,Sustainability standards and certification (voluntary),A,FALSE,FALSE,FALSE,FALSE,TRUE,TRUE,FALSE,FALSE,TRUE,FALSE,TRUE,TRUE,TRUE,Post-BFP: implemented,MEX
Latin America and Caribbean,Mexico,FALSE,NA,NA,CEM,Cost effectiveness measures,Cost effectiveness measures through regulatory institutionalization,under_implementation,1,Cost effectiveness measures,A,FALSE,FALSE,FALSE,FALSE,FALSE,TRUE,FALSE,FALSE,TRUE,TRUE,TRUE,TRUE,TRUE,Post-BFP: implemented,MEX
Africa,Rwanda,TRUE,2019,5,TFS,Trust funds (detailed review), ,NA,0,Trust funds (detailed review),A,TRUE,FALSE,FALSE,FALSE,TRUE,TRUE,FALSE,FALSE,FALSE,TRUE,TRUE,TRUE,FALSE,In-BFP: not implemented,RWA
Africa,Rwanda,TRUE,2019,5,TT,Taxes and fees in the tourism sector, ,under_implementation,1,Taxes and fees in the tourism sector,A,FALSE,FALSE,FALSE,TRUE,FALSE,TRUE,TRUE,FALSE,FALSE,FALSE,FALSE,TRUE,TRUE,In-BFP: implemented,RWA
Africa,Rwanda,TRUE,2019,5,TFW,"Tarrifs, fees and taxes in the water sector", ,NA,0,"Tarrifs, fees and taxes in the water sector",A,FALSE,FALSE,FALSE,TRUE,FALSE,TRUE,TRUE,FALSE,FALSE,FALSE,FALSE,TRUE,FALSE,In-BFP: not implemented,RWA
Africa,Rwanda,TRUE,2019,5,EAR,Earmarking and retention of biodiversity revenues (self income), ,NA,0,Earmarking and retention of biodiversity revenues (self income),A,FALSE,FALSE,FALSE,TRUE,FALSE,TRUE,FALSE,TRUE,FALSE,FALSE,FALSE,TRUE,FALSE,In-BFP: not implemented,RWA
Africa,Rwanda,TRUE,2019,5,TFW,"Tarrifs, fees and taxes in the water sector",Wetland use fees,NA,0,"Tarrifs, fees and taxes in the water sector",A,FALSE,FALSE,FALSE,TRUE,FALSE,TRUE,TRUE,FALSE,FALSE,FALSE,FALSE,TRUE,FALSE,In-BFP: not implemented,RWA
Africa,Rwanda,TRUE,2019,5,PST,Promotion of sustainable tourism, ,NA,0,Promotion of sustainable tourism,A,FALSE,FALSE,FALSE,FALSE,TRUE,FALSE,TRUE,FALSE,FALSE,TRUE,TRUE,FALSE,FALSE,In-BFP: not implemented,RWA
Africa,Rwanda,TRUE,2019,5,PES,Payment for Ecosystem Services (detailed review),Payment for Ecosystem Services-private to private,NA,0,Payment for Ecosystem Services (detailed review),A,FALSE,FALSE,FALSE,TRUE,TRUE,TRUE,TRUE,FALSE,FALSE,TRUE,TRUE,TRUE,FALSE,In-BFP: not implemented,RWA
Africa,Rwanda,TRUE,2019,5,ISB,Incentives for sustainable business, ,NA,0,Incentives for sustainable business,A,FALSE,FALSE,FALSE,TRUE,TRUE,TRUE,TRUE,TRUE,TRUE,TRUE,FALSE,TRUE,FALSE,In-BFP: not implemented,RWA
Africa,Rwanda,TRUE,2019,5,TT,Taxes and fees in the tourism sector, ,NA,0,Taxes and fees in the tourism sector,A,FALSE,FALSE,FALSE,TRUE,FALSE,TRUE,TRUE,FALSE,FALSE,FALSE,FALSE,TRUE,FALSE,In-BFP: not implemented,RWA
Africa,Rwanda,TRUE,2019,5,ES,Enabling solutions, ,NA,0,Enabling  solutions,A,FALSE,FALSE,FALSE,FALSE,FALSE,TRUE,FALSE,TRUE,FALSE,FALSE,FALSE,TRUE,FALSE,In-BFP: not implemented,RWA
Africa,Rwanda,TRUE,2019,5,EAR,Earmarking and retention of biodiversity revenues (self income), ,NA,0,Earmarking and retention of biodiversity revenues (self income),A,FALSE,FALSE,FALSE,TRUE,FALSE,TRUE,FALSE,TRUE,FALSE,FALSE,FALSE,TRUE,FALSE,In-BFP: not implemented,RWA
Africa,Rwanda,TRUE,2019,5,ES,Enabling solutions, ,NA,0,Enabling  solutions,A,FALSE,FALSE,FALSE,FALSE,FALSE,TRUE,FALSE,TRUE,FALSE,FALSE,FALSE,TRUE,FALSE,In-BFP: not implemented,RWA
Africa,Rwanda,FALSE,NA,NA,EIA,Environmental (and Social) Impact Assessment, ,under_implementation,1,Environmental (and Social) Impact Assessment,A,FALSE,FALSE,FALSE,TRUE,FALSE,TRUE,FALSE,FALSE,TRUE,TRUE,FALSE,TRUE,TRUE,Post-BFP: implemented,RWA
Africa,Rwanda,FALSE,NA,NA,HS,Change subsidies harmful to biodiversity, ,under_implementation,1,Change subsidies harmful to biodiversity,A,FALSE,FALSE,FALSE,TRUE,FALSE,TRUE,FALSE,TRUE,TRUE,FALSE,FALSE,TRUE,TRUE,Post-BFP: implemented,RWA
Africa,Rwanda,FALSE,NA,NA,ES,Enabling solutions,Disclosure,under_implementation,1,Enabling  solutions,A,FALSE,FALSE,FALSE,FALSE,FALSE,TRUE,FALSE,TRUE,FALSE,FALSE,FALSE,TRUE,TRUE,Post-BFP: implemented,RWA
Asia and the Pacific,Nepal,TRUE,2022,2,LS,Enhanced Land or Marine Stewardship,NA,NA,0,Enhanced Land or Marine Stewardship,A,FALSE,FALSE,FALSE,FALSE,TRUE,FALSE,FALSE,FALSE,TRUE,FALSE,TRUE,FALSE,FALSE,In-BFP: not implemented,NPL
Asia and the Pacific,Nepal,TRUE,2022,2,HS,Change subsidies harmful to biodiversity,NA,NA,0,Change subsidies harmful to biodiversity,A,FALSE,FALSE,FALSE,TRUE,FALSE,TRUE,FALSE,TRUE,TRUE,FALSE,FALSE,TRUE,FALSE,In-BFP: not implemented,NPL
Asia and the Pacific,Nepal,TRUE,2022,2,BFS,Biodiversity friendly subsidies,Subsidies for organic agriculture,NA,0,Biodiversity friendly subsidies,A,TRUE,FALSE,FALSE,TRUE,FALSE,TRUE,FALSE,FALSE,TRUE,FALSE,FALSE,TRUE,FALSE,In-BFP: not implemented,NPL
Asia and the Pacific,Nepal,TRUE,2022,2,EIA,Environmental (and Social) Impact Assessment,NA,NA,0,Environmental (and Social) Impact Assessment,A,FALSE,FALSE,FALSE,TRUE,FALSE,TRUE,FALSE,FALSE,TRUE,TRUE,FALSE,TRUE,FALSE,In-BFP: not implemented,NPL
Asia and the Pacific,Nepal,TRUE,2022,2,PBE,Enhance public budget execution,Enhance local budget execution,NA,0,Enhance public budget execution,A,TRUE,FALSE,FALSE,TRUE,FALSE,TRUE,FALSE,FALSE,FALSE,TRUE,FALSE,TRUE,FALSE,In-BFP: not implemented,NPL
Asia and the Pacific,Nepal,TRUE,2022,2,ABS,Access and Benefit Sharing,NA,NA,0,Access and Benefit Sharing,A,FALSE,FALSE,FALSE,FALSE,FALSE,TRUE,TRUE,FALSE,FALSE,TRUE,FALSE,TRUE,FALSE,In-BFP: not implemented,NPL
Asia and the Pacific,Nepal,TRUE,2022,2,EFT,Ecological fiscal transfers (detailed review),NA,NA,0,Ecological fiscal transfers (detailed review),A,FALSE,FALSE,FALSE,TRUE,FALSE,TRUE,FALSE,TRUE,TRUE,FALSE,FALSE,TRUE,FALSE,In-BFP: not implemented,NPL
Asia and the Pacific,Nepal,TRUE,2022,2,TFS,Trust funds (detailed review),NA,NA,0,Trust funds (detailed review),A,TRUE,FALSE,FALSE,FALSE,TRUE,TRUE,FALSE,FALSE,FALSE,TRUE,TRUE,TRUE,FALSE,In-BFP: not implemented,NPL
Asia and the Pacific,Nepal,TRUE,2022,2,ES,Enabling solutions,NA,NA,0,Enabling  solutions,A,FALSE,FALSE,FALSE,FALSE,FALSE,TRUE,FALSE,TRUE,FALSE,FALSE,FALSE,TRUE,FALSE,In-BFP: not implemented,NPL
Asia and the Pacific,Nepal,TRUE,2022,2,TFS,Trust funds (detailed review),"Climate, carbon and forestry funds",NA,0,Trust funds (detailed review),A,TRUE,FALSE,FALSE,FALSE,TRUE,TRUE,FALSE,FALSE,FALSE,TRUE,TRUE,TRUE,FALSE,In-BFP: not implemented,NPL
Asia and the Pacific,Nepal,TRUE,2022,2,ES,Enabling solutions,Mainstreaming,under_implementation,1,Enabling  solutions,A,FALSE,FALSE,FALSE,FALSE,FALSE,TRUE,FALSE,TRUE,FALSE,FALSE,FALSE,TRUE,TRUE,In-BFP: implemented,NPL
Asia and the Pacific,Nepal,TRUE,2022,2,DRI,Disaster risk insurance,Human-wildlife conflict insurance,under_implementation,1,Disaster risk insurance,A,FALSE,FALSE,TRUE,FALSE,FALSE,FALSE,FALSE,FALSE,TRUE,FALSE,TRUE,TRUE,TRUE,In-BFP: implemented,NPL
Asia and the Pacific,Nepal,TRUE,2022,2,CD,Corporate and corporate foundations' donations,NA,under_implementation,1,Corporate and corporate foundations' donations,A,TRUE,TRUE,FALSE,FALSE,TRUE,FALSE,TRUE,FALSE,FALSE,TRUE,TRUE,FALSE,TRUE,In-BFP: implemented,NPL
Asia and the Pacific,Nepal,FALSE,NA,NA,ES,Enabling solutions,Disclosure,under_implementation,1,Enabling  solutions,A,FALSE,FALSE,FALSE,FALSE,FALSE,TRUE,FALSE,TRUE,FALSE,FALSE,FALSE,TRUE,TRUE,Post-BFP: implemented,NPL
Europe and Central Asia,Kazakhstan,TRUE,2018,6,TFWI,Taxes and fees in the wildlife sector,Hunting permits or concessions,NA,0,Taxes and fees in the wildlife sector,A,FALSE,FALSE,FALSE,TRUE,FALSE,TRUE,TRUE,FALSE,FALSE,FALSE,FALSE,TRUE,FALSE,In-BFP: not implemented,KAZ
Europe and Central Asia,Kazakhstan,TRUE,2018,6,BFS,Biodiversity friendly subsidies,NA,under_implementation,1,Biodiversity friendly subsidies,A,TRUE,FALSE,FALSE,TRUE,FALSE,TRUE,FALSE,FALSE,TRUE,FALSE,FALSE,TRUE,TRUE,In-BFP: implemented,KAZ
Europe and Central Asia,Kazakhstan,TRUE,2018,6,BFS,Biodiversity friendly subsidies,Subsidies for organic agriculture,NA,0,Biodiversity friendly subsidies,A,TRUE,FALSE,FALSE,TRUE,FALSE,TRUE,FALSE,FALSE,TRUE,FALSE,FALSE,TRUE,FALSE,In-BFP: not implemented,KAZ
Europe and Central Asia,Kazakhstan,TRUE,2018,6,ISB,Incentives for sustainable business,NA,not_implemented,0,Incentives for sustainable business,A,FALSE,FALSE,FALSE,TRUE,TRUE,TRUE,TRUE,TRUE,TRUE,TRUE,FALSE,TRUE,FALSE,In-BFP: not implemented,KAZ
Europe and Central Asia,Kazakhstan,TRUE,2018,6,LOB,Lobbying for public budget allocations,NA,under_implementation,1,Lobbying for public budget allocations,A,FALSE,FALSE,FALSE,TRUE,FALSE,TRUE,TRUE,TRUE,FALSE,FALSE,FALSE,TRUE,TRUE,In-BFP: implemented,KAZ
Europe and Central Asia,Kazakhstan,TRUE,2018,6,BO,Biodiversity offsets (detailed review),NA,under_implementation,1,Biodiversity offsets (detailed review),A,FALSE,FALSE,FALSE,FALSE,TRUE,FALSE,TRUE,FALSE,FALSE,TRUE,TRUE,TRUE,TRUE,In-BFP: implemented,KAZ
Europe and Central Asia,Kazakhstan,TRUE,2018,6,CM,Carbon markets (detailed review),NA,under_implementation,1,Carbon markets (detailed review),A,FALSE,FALSE,FALSE,FALSE,TRUE,TRUE,TRUE,FALSE,TRUE,FALSE,TRUE,TRUE,TRUE,In-BFP: implemented,KAZ
Europe and Central Asia,Kazakhstan,TRUE,2018,6,CM,Carbon markets (detailed review),NA,under_implementation,1,Carbon markets (detailed review),A,FALSE,FALSE,FALSE,FALSE,TRUE,TRUE,TRUE,FALSE,TRUE,FALSE,TRUE,TRUE,TRUE,In-BFP: implemented,KAZ
Europe and Central Asia,Kazakhstan,FALSE,NA,NA,SST,Sustainability standards and certification (voluntary),NA,under_implementation,1,Sustainability standards and certification (voluntary),A,FALSE,FALSE,FALSE,FALSE,TRUE,TRUE,FALSE,FALSE,TRUE,FALSE,TRUE,TRUE,TRUE,Post-BFP: implemented,KAZ
Europe and Central Asia,Kazakhstan,FALSE,NA,NA,ES,Enabling solutions,Disclosure,under_implementation,1,Enabling  solutions,A,FALSE,FALSE,FALSE,FALSE,FALSE,TRUE,FALSE,TRUE,FALSE,FALSE,FALSE,TRUE,TRUE,Post-BFP: implemented,KAZ
Africa,South Africa,TRUE,2018,6,ES,Enabling solutions,NA,NA,0,Enabling  solutions,A,FALSE,FALSE,FALSE,FALSE,FALSE,TRUE,FALSE,TRUE,FALSE,FALSE,FALSE,TRUE,FALSE,In-BFP: not implemented,ZAF
Africa,South Africa,TRUE,2018,6,TT,Taxes and fees in the tourism sector,NA,NA,0,Taxes and fees in the tourism sector,A,FALSE,FALSE,FALSE,TRUE,FALSE,TRUE,TRUE,FALSE,FALSE,FALSE,FALSE,TRUE,FALSE,In-BFP: not implemented,ZAF
Africa,South Africa,TRUE,2018,6,PTE,Property tax exceptions,NA,NA,0,Property tax exceptions,A,FALSE,FALSE,FALSE,FALSE,FALSE,TRUE,FALSE,FALSE,TRUE,FALSE,FALSE,TRUE,FALSE,In-BFP: not implemented,ZAF
Africa,South Africa,TRUE,2018,6,ISB,Incentives for sustainable business,Tax incentive,NA,0,Incentives for sustainable business,A,FALSE,FALSE,FALSE,TRUE,TRUE,TRUE,TRUE,TRUE,TRUE,TRUE,FALSE,TRUE,FALSE,In-BFP: not implemented,ZAF
Africa,South Africa,TRUE,2018,6,NPA,Non-State Protected Areas,NA,NA,0,Non-State Protected Areas,A,FALSE,FALSE,FALSE,FALSE,TRUE,FALSE,TRUE,FALSE,FALSE,FALSE,TRUE,FALSE,FALSE,In-BFP: not implemented,ZAF
Africa,South Africa,TRUE,2018,6,LS,Enhanced Land or Marine Stewardship,NA,NA,0,Enhanced Land or Marine Stewardship,A,FALSE,FALSE,FALSE,FALSE,TRUE,FALSE,FALSE,FALSE,TRUE,FALSE,TRUE,FALSE,FALSE,In-BFP: not implemented,ZAF
Africa,South Africa,TRUE,2018,6,DGG,Domestic government grants,NA,NA,0,Domestic government grants,A,TRUE,FALSE,FALSE,FALSE,FALSE,TRUE,TRUE,FALSE,FALSE,FALSE,FALSE,TRUE,FALSE,In-BFP: not implemented,ZAF
Africa,South Africa,TRUE,2018,6,LS,Enhanced Land or Marine Stewardship,Conservation services for private land owners,NA,0,Enhanced Land or Marine Stewardship,A,FALSE,FALSE,FALSE,FALSE,TRUE,FALSE,FALSE,FALSE,TRUE,FALSE,TRUE,FALSE,FALSE,In-BFP: not implemented,ZAF
Africa,South Africa,TRUE,2018,6,ISB,Incentives for sustainable business,NA,NA,0,Incentives for sustainable business,A,FALSE,FALSE,FALSE,TRUE,TRUE,TRUE,TRUE,TRUE,TRUE,TRUE,FALSE,TRUE,FALSE,In-BFP: not implemented,ZAF
Africa,South Africa,TRUE,2018,6,TFW,"Tarrifs, fees and taxes in the water sector",Water tarrifs,NA,0,"Tarrifs, fees and taxes in the water sector",A,FALSE,FALSE,FALSE,TRUE,FALSE,TRUE,TRUE,FALSE,FALSE,FALSE,FALSE,TRUE,FALSE,In-BFP: not implemented,ZAF
Africa,South Africa,TRUE,2018,6,CT,Carbon tax,NA,NA,0,Carbon tax,A,FALSE,FALSE,FALSE,TRUE,FALSE,TRUE,TRUE,FALSE,TRUE,FALSE,FALSE,TRUE,FALSE,In-BFP: not implemented,ZAF
Africa,South Africa,TRUE,2018,6,ODA,Increasing Official Development Assistance (ODA),Assessing Climate fund,NA,0,Increasing Official Development Assistance (ODA),A,TRUE,TRUE,FALSE,FALSE,FALSE,FALSE,TRUE,FALSE,FALSE,FALSE,FALSE,TRUE,FALSE,In-BFP: not implemented,ZAF
Africa,South Africa,TRUE,2018,6,ED,Penalties and other compensation for unplanned environmental damage,NA,NA,0,Penalties and other compensation for unplanned environmental damage,A,FALSE,FALSE,FALSE,FALSE,FALSE,TRUE,TRUE,FALSE,TRUE,FALSE,FALSE,TRUE,FALSE,In-BFP: not implemented,ZAF
Africa,South Africa,TRUE,2018,6,TFS,Trust funds (detailed review),NA,NA,0,Trust funds (detailed review),A,TRUE,FALSE,FALSE,FALSE,TRUE,TRUE,FALSE,FALSE,FALSE,TRUE,TRUE,TRUE,FALSE,In-BFP: not implemented,ZAF
Africa,South Africa,TRUE,2018,6,ES,Enabling solutions,NA,NA,0,Enabling  solutions,A,FALSE,FALSE,FALSE,FALSE,FALSE,TRUE,FALSE,TRUE,FALSE,FALSE,FALSE,TRUE,FALSE,In-BFP: not implemented,ZAF
Africa,South Africa,FALSE,NA,NA,ES,Enabling solutions,NA,under_implementation,1,Enabling  solutions,A,FALSE,FALSE,FALSE,FALSE,FALSE,TRUE,FALSE,TRUE,FALSE,FALSE,FALSE,TRUE,TRUE,Post-BFP: implemented,ZAF
Africa,South Africa,FALSE,NA,NA,BT,Biodiversity tax,NA,under_implementation,1,Biodiversity tax,A,FALSE,FALSE,FALSE,TRUE,FALSE,TRUE,TRUE,FALSE,TRUE,FALSE,FALSE,TRUE,TRUE,Post-BFP: implemented,ZAF
Africa,South Africa,FALSE,NA,NA,DGG,Domestic government grants,NA,under_implementation,1,Domestic government grants,A,TRUE,FALSE,FALSE,FALSE,FALSE,TRUE,TRUE,FALSE,FALSE,FALSE,FALSE,TRUE,TRUE,Post-BFP: implemented,ZAF
Africa,South Africa,FALSE,NA,NA,ISB,Incentives for sustainable business,Tax incentive,not_implemented,0,Incentives for sustainable business,A,FALSE,FALSE,FALSE,TRUE,TRUE,TRUE,TRUE,TRUE,TRUE,TRUE,FALSE,TRUE,FALSE,NA,ZAF
Africa,South Africa,TRUE,2018,6,BO,Biodiversity offsets (detailed review),NA,under_implementation,1,Biodiversity offsets (detailed review),A,FALSE,FALSE,FALSE,FALSE,TRUE,FALSE,TRUE,FALSE,FALSE,TRUE,TRUE,TRUE,TRUE,In-BFP: implemented,ZAF
Africa,South Africa,FALSE,NA,NA,SST,Sustainability standards and certification (voluntary),NA,under_implementation,1,Sustainability standards and certification (voluntary),A,FALSE,FALSE,FALSE,FALSE,TRUE,TRUE,FALSE,FALSE,TRUE,FALSE,TRUE,TRUE,TRUE,Post-BFP: implemented,ZAF
Africa,South Africa,FALSE,NA,NA,ES,Enabling solutions,Partnership and platform,under_implementation,1,Enabling  solutions,A,FALSE,FALSE,FALSE,FALSE,FALSE,TRUE,FALSE,TRUE,FALSE,FALSE,FALSE,TRUE,TRUE,Post-BFP: implemented,ZAF
Africa,South Africa,FALSE,NA,NA,TT,Taxes and fees in the tourism sector,NA,under_implementation,1,Taxes and fees in the tourism sector,A,FALSE,FALSE,FALSE,TRUE,FALSE,TRUE,TRUE,FALSE,FALSE,FALSE,FALSE,TRUE,TRUE,Post-BFP: implemented,ZAF
Africa,South Africa,FALSE,NA,NA,ES,Enabling solutions,Disclosure,under_implementation,1,Enabling  solutions,A,FALSE,FALSE,FALSE,FALSE,FALSE,TRUE,FALSE,TRUE,FALSE,FALSE,FALSE,TRUE,TRUE,Post-BFP: implemented,ZAF
Asia and the Pacific,Cambodia,TRUE,2021,3,TT,Taxes and fees in the tourism sector,NA,not_implemented,0,Taxes and fees in the tourism sector,A,FALSE,FALSE,FALSE,TRUE,FALSE,TRUE,TRUE,FALSE,FALSE,FALSE,FALSE,TRUE,FALSE,In-BFP: not implemented,KHM
Asia and the Pacific,Cambodia,TRUE,2021,3,PES,Payment for Ecosystem Services (detailed review),NA,not_implemented,0,Payment for Ecosystem Services (detailed review),A,FALSE,FALSE,FALSE,TRUE,TRUE,TRUE,TRUE,FALSE,FALSE,TRUE,TRUE,TRUE,FALSE,In-BFP: not implemented,KHM
Asia and the Pacific,Cambodia,TRUE,2021,3,CM,Carbon markets (detailed review),REDD+,not_implemented,0,Carbon markets (detailed review),A,FALSE,FALSE,FALSE,FALSE,TRUE,TRUE,TRUE,FALSE,TRUE,FALSE,TRUE,TRUE,FALSE,In-BFP: not implemented,KHM
Asia and the Pacific,Cambodia,TRUE,2021,3,BFS,Biodiversity friendly subsidies,Subsidies for organic agriculture,not_implemented,0,Biodiversity friendly subsidies,A,TRUE,FALSE,FALSE,TRUE,FALSE,TRUE,FALSE,FALSE,TRUE,FALSE,FALSE,TRUE,FALSE,In-BFP: not implemented,KHM
Asia and the Pacific,Cambodia,TRUE,2021,3,HS,Change subsidies harmful to biodiversity,NA,not_implemented,0,Change subsidies harmful to biodiversity,A,FALSE,FALSE,FALSE,TRUE,FALSE,TRUE,FALSE,TRUE,TRUE,FALSE,FALSE,TRUE,FALSE,In-BFP: not implemented,KHM
Asia and the Pacific,Cambodia,TRUE,2021,3,TPF,Taxes on pesticides and fertilizers (detailed review),NA,not_implemented,0,Taxes on pesticides and fertilizers (detailed review),A,FALSE,FALSE,FALSE,TRUE,FALSE,TRUE,TRUE,FALSE,TRUE,FALSE,FALSE,TRUE,FALSE,In-BFP: not implemented,KHM
Asia and the Pacific,Cambodia,TRUE,2021,3,PBE,Enhance public budget execution,NA,not_implemented,0,Enhance public budget execution,A,TRUE,FALSE,FALSE,TRUE,FALSE,TRUE,FALSE,FALSE,FALSE,TRUE,FALSE,TRUE,FALSE,In-BFP: not implemented,KHM
Latin America and Caribbean,Colombia,TRUE,2018,6,BO,Biodiversity offsets (detailed review),NA,NA,0,Biodiversity offsets (detailed review),A,FALSE,FALSE,FALSE,FALSE,TRUE,FALSE,TRUE,FALSE,FALSE,TRUE,TRUE,TRUE,FALSE,In-BFP: not implemented,COL
Latin America and Caribbean,Colombia,TRUE,2018,6,CT,Carbon tax,NA,NA,0,Carbon tax,A,FALSE,FALSE,FALSE,TRUE,FALSE,TRUE,TRUE,FALSE,TRUE,FALSE,FALSE,TRUE,FALSE,In-BFP: not implemented,COL
Latin America and Caribbean,Colombia,TRUE,2018,6,PES,Payment for Ecosystem Services (detailed review),NA,NA,0,Payment for Ecosystem Services (detailed review),A,FALSE,FALSE,FALSE,TRUE,TRUE,TRUE,TRUE,FALSE,FALSE,TRUE,TRUE,TRUE,FALSE,In-BFP: not implemented,COL
Latin America and Caribbean,Colombia,TRUE,2018,6,TFS,Trust funds (detailed review),NA,NA,0,Trust funds (detailed review),A,TRUE,FALSE,FALSE,FALSE,TRUE,TRUE,FALSE,FALSE,FALSE,TRUE,TRUE,TRUE,FALSE,In-BFP: not implemented,COL
Latin America and Caribbean,Colombia,TRUE,2018,6,SWF,Sovereign Wealth Funds,Sovereign Wealth Funds-Oil and Gas Funds,NA,0,Sovereign Wealth Funds,A,FALSE,TRUE,FALSE,FALSE,TRUE,FALSE,TRUE,FALSE,FALSE,FALSE,FALSE,TRUE,FALSE,In-BFP: not implemented,COL
Latin America and Caribbean,Colombia,FALSE,NA,NA,BO,Biodiversity offsets (detailed review),NA,under_implementation,1,Biodiversity offsets (detailed review),A,FALSE,FALSE,FALSE,FALSE,TRUE,FALSE,TRUE,FALSE,FALSE,TRUE,TRUE,TRUE,TRUE,Post-BFP: implemented,COL
Latin America and Caribbean,Colombia,FALSE,NA,NA,SST,Sustainability standards and certification (voluntary),NA,under_implementation,1,Sustainability standards and certification (voluntary),A,FALSE,FALSE,FALSE,FALSE,TRUE,TRUE,FALSE,FALSE,TRUE,FALSE,TRUE,TRUE,TRUE,Post-BFP: implemented,COL
Latin America and Caribbean,Colombia,FALSE,NA,NA,DGG,Domestic government grants,NA,under_implementation,1,Domestic government grants,A,TRUE,FALSE,FALSE,FALSE,FALSE,TRUE,TRUE,FALSE,FALSE,FALSE,FALSE,TRUE,TRUE,Post-BFP: implemented,COL
Latin America and Caribbean,Colombia,FALSE,NA,NA,TFS,Trust funds (detailed review),Regional Trust Funds,under_implementation,1,Trust funds (detailed review),A,TRUE,FALSE,FALSE,FALSE,TRUE,TRUE,FALSE,FALSE,FALSE,TRUE,TRUE,TRUE,TRUE,Post-BFP: implemented,COL
Latin America and Caribbean,Colombia,FALSE,NA,NA,PES,Payment for Ecosystem Services (detailed review),NA,under_implementation,1,Payment for Ecosystem Services (detailed review),A,FALSE,FALSE,FALSE,TRUE,TRUE,TRUE,TRUE,FALSE,FALSE,TRUE,TRUE,TRUE,TRUE,Post-BFP: implemented,COL
Latin America and Caribbean,Colombia,FALSE,NA,NA,HS,Change subsidies harmful to biodiversity,NA,under_implementation,1,Change subsidies harmful to biodiversity,A,FALSE,FALSE,FALSE,TRUE,FALSE,TRUE,FALSE,TRUE,TRUE,FALSE,FALSE,TRUE,TRUE,Post-BFP: implemented,COL
Latin America and Caribbean,Colombia,FALSE,NA,NA,ES,Enabling solutions,Disclosure,under_implementation,1,Enabling  solutions,A,FALSE,FALSE,FALSE,FALSE,FALSE,TRUE,FALSE,TRUE,FALSE,FALSE,FALSE,TRUE,TRUE,Post-BFP: implemented,COL
Latin America and Caribbean,Colombia,FALSE,NA,NA,ES,Enabling solutions,NA,under_implementation,1,Enabling  solutions,A,FALSE,FALSE,FALSE,FALSE,FALSE,TRUE,FALSE,TRUE,FALSE,FALSE,FALSE,TRUE,TRUE,Post-BFP: implemented,COL
Latin America and Caribbean,Colombia,FALSE,NA,NA,ES,Enabling solutions,NA,under_implementation,1,Enabling  solutions,A,FALSE,FALSE,FALSE,FALSE,FALSE,TRUE,FALSE,TRUE,FALSE,FALSE,FALSE,TRUE,TRUE,Post-BFP: implemented,COL
Latin America and Caribbean,Belize,TRUE,2019,5,TFS,Trust funds (detailed review),NA,under_implementation,1,Trust funds (detailed review),A,TRUE,FALSE,FALSE,FALSE,TRUE,TRUE,FALSE,FALSE,FALSE,TRUE,TRUE,TRUE,TRUE,In-BFP: implemented,BLZ
Latin America and Caribbean,Belize,TRUE,2019,5,GB,Green bonds (detailed review),NA,under_implementation,1,Green bonds (detailed review),A,FALSE,TRUE,FALSE,FALSE,TRUE,FALSE,TRUE,FALSE,FALSE,FALSE,TRUE,TRUE,TRUE,In-BFP: implemented,BLZ
Latin America and Caribbean,Belize,TRUE,2019,5,GL,Green lending,NA,under_implementation,1,Green lending,A,FALSE,TRUE,FALSE,FALSE,TRUE,FALSE,TRUE,FALSE,FALSE,FALSE,TRUE,TRUE,TRUE,In-BFP: implemented,BLZ
Latin America and Caribbean,Belize,TRUE,2019,5,CRW,Crowd funding,NA,under_implementation,1,Crowd funding,A,TRUE,TRUE,FALSE,FALSE,TRUE,FALSE,TRUE,FALSE,FALSE,FALSE,TRUE,FALSE,TRUE,In-BFP: implemented,BLZ
Latin America and Caribbean,Belize,TRUE,2019,5,EIA,Environmental (and Social) Impact Assessment,NA,under_implementation,1,Environmental (and Social) Impact Assessment,A,FALSE,FALSE,FALSE,TRUE,FALSE,TRUE,FALSE,FALSE,TRUE,TRUE,FALSE,TRUE,TRUE,In-BFP: implemented,BLZ
Latin America and Caribbean,Belize,TRUE,2019,5,EC,Compensation for planned environmental damage,NA,under_implementation,1,Compensation for planned environmental damage,A,FALSE,FALSE,FALSE,FALSE,FALSE,TRUE,TRUE,FALSE,TRUE,FALSE,FALSE,TRUE,TRUE,In-BFP: implemented,BLZ
Latin America and Caribbean,Belize,TRUE,2019,5,DBS,Debt-for-Nature Swaps (detailed review),NA,under_implementation,1,Debt-for-Nature Swaps (detailed review),A,TRUE,TRUE,FALSE,FALSE,FALSE,FALSE,TRUE,FALSE,FALSE,FALSE,FALSE,TRUE,TRUE,In-BFP: implemented,BLZ
Latin America and Caribbean,Belize,TRUE,2019,5,CM,Carbon markets (detailed review),NA,under_implementation,1,Carbon markets (detailed review),A,FALSE,FALSE,FALSE,FALSE,TRUE,TRUE,TRUE,FALSE,TRUE,FALSE,TRUE,TRUE,TRUE,In-BFP: implemented,BLZ
Latin America and Caribbean,Belize,TRUE,2019,5,ES,Enabling solutions,Institutionalization,under_implementation,1,Enabling  solutions,A,FALSE,FALSE,FALSE,FALSE,FALSE,TRUE,FALSE,TRUE,FALSE,FALSE,FALSE,TRUE,TRUE,In-BFP: implemented,BLZ
Latin America and Caribbean,Belize,TRUE,2019,5,ODA,Increasing Official Development Assistance (ODA),NA,under_implementation,1,Increasing Official Development Assistance (ODA),A,TRUE,TRUE,FALSE,FALSE,FALSE,FALSE,TRUE,FALSE,FALSE,FALSE,FALSE,TRUE,TRUE,In-BFP: implemented,BLZ
Latin America and Caribbean,Belize,FALSE,NA,NA,RBB,Result based budgeting,NA,under_implementation,1,Result based budgeting,A,FALSE,FALSE,FALSE,FALSE,FALSE,TRUE,FALSE,FALSE,TRUE,TRUE,FALSE,TRUE,TRUE,Post-BFP: implemented,BLZ
Latin America and Caribbean,Belize,FALSE,NA,NA,ES,Enabling solutions,NA,under_implementation,1,Enabling  solutions,A,FALSE,FALSE,FALSE,FALSE,FALSE,TRUE,FALSE,TRUE,FALSE,FALSE,FALSE,TRUE,TRUE,Post-BFP: implemented,BLZ
Latin America and Caribbean,Belize,FALSE,NA,NA,HS,Change subsidies harmful to biodiversity,NA,under_implementation,1,Change subsidies harmful to biodiversity,A,FALSE,FALSE,FALSE,TRUE,FALSE,TRUE,FALSE,TRUE,TRUE,FALSE,FALSE,TRUE,TRUE,Post-BFP: implemented,BLZ
Africa,Botswana,TRUE,2019,5,ABS,Access and Benefit Sharing,NA,NA,0,Access and Benefit Sharing,A,FALSE,FALSE,FALSE,FALSE,FALSE,TRUE,TRUE,FALSE,FALSE,TRUE,FALSE,TRUE,FALSE,In-BFP: not implemented,BWA
Africa,Botswana,TRUE,2019,5,ES,Enabling solutions,Institutionalization,NA,0,Enabling  solutions,A,FALSE,FALSE,FALSE,FALSE,FALSE,TRUE,FALSE,TRUE,FALSE,FALSE,FALSE,TRUE,FALSE,In-BFP: not implemented,BWA
Africa,Botswana,TRUE,2019,5,BO,Biodiversity offsets (detailed review),NA,NA,0,Biodiversity offsets (detailed review),A,FALSE,FALSE,FALSE,FALSE,TRUE,FALSE,TRUE,FALSE,FALSE,TRUE,TRUE,TRUE,FALSE,In-BFP: not implemented,BWA
Africa,Botswana,TRUE,2019,5,SST,Sustainability standards and certification (voluntary),Eco-labels,NA,0,Sustainability standards and certification (voluntary),A,FALSE,FALSE,FALSE,FALSE,TRUE,TRUE,FALSE,FALSE,TRUE,FALSE,TRUE,TRUE,FALSE,In-BFP: not implemented,BWA
Africa,Botswana,TRUE,2019,5,ISB,Incentives for sustainable business,NA,NA,0,Incentives for sustainable business,A,FALSE,FALSE,FALSE,TRUE,TRUE,TRUE,TRUE,TRUE,TRUE,TRUE,FALSE,TRUE,FALSE,In-BFP: not implemented,BWA
Africa,Botswana,TRUE,2019,5,TFS,Trust funds (detailed review),"Climate, carbon and forestry funds",NA,0,Trust funds (detailed review),A,TRUE,FALSE,FALSE,FALSE,TRUE,TRUE,FALSE,FALSE,FALSE,TRUE,TRUE,TRUE,FALSE,In-BFP: not implemented,BWA
Africa,Botswana,TRUE,2019,5,TT,Taxes and fees in the tourism sector,NA,under_implementation,1,Taxes and fees in the tourism sector,A,FALSE,FALSE,FALSE,TRUE,FALSE,TRUE,TRUE,FALSE,FALSE,FALSE,FALSE,TRUE,TRUE,In-BFP: implemented,BWA
Africa,Botswana,FALSE,NA,NA,ES,Enabling solutions,NA,under_implementation,1,Enabling  solutions,A,FALSE,FALSE,FALSE,FALSE,FALSE,TRUE,FALSE,TRUE,FALSE,FALSE,FALSE,TRUE,TRUE,Post-BFP: implemented,BWA
Africa,Botswana,FALSE,NA,NA,RBB,Result based budgeting,NA,under_implementation,1,Result based budgeting,A,FALSE,FALSE,FALSE,FALSE,FALSE,TRUE,FALSE,FALSE,TRUE,TRUE,FALSE,TRUE,TRUE,Post-BFP: implemented,BWA
Africa,Botswana,FALSE,NA,NA,HS,Change subsidies harmful to biodiversity,NA,under_implementation,1,Change subsidies harmful to biodiversity,A,FALSE,FALSE,FALSE,TRUE,FALSE,TRUE,FALSE,TRUE,TRUE,FALSE,FALSE,TRUE,TRUE,Post-BFP: implemented,BWA
Africa,Botswana,TRUE,2019,5,PST,Promotion of sustainable tourism,NA,under_implementation,1,Promotion of sustainable tourism,A,FALSE,FALSE,FALSE,FALSE,TRUE,FALSE,TRUE,FALSE,FALSE,TRUE,TRUE,FALSE,TRUE,In-BFP: implemented,BWA
Africa,Botswana,FALSE,NA,NA,ES,Enabling solutions,Disclosure,under_implementation,1,Enabling  solutions,A,FALSE,FALSE,FALSE,FALSE,FALSE,TRUE,FALSE,TRUE,FALSE,FALSE,FALSE,TRUE,TRUE,Post-BFP: implemented,BWA
Asia and the Pacific,Malaysia,TRUE,2018,6,ED,Penalties and other compensation for unplanned environmental damage,NA,NA,0,Penalties and other compensation for unplanned environmental damage,A,FALSE,FALSE,FALSE,FALSE,FALSE,TRUE,TRUE,FALSE,TRUE,FALSE,FALSE,TRUE,FALSE,In-BFP: not implemented,MYS
Asia and the Pacific,Malaysia,TRUE,2018,6,ECF,Enterprise challenge and innovation funds (detailed review),NA,NA,0,Enterprise challenge and innovation funds (detailed review),A,TRUE,TRUE,FALSE,FALSE,TRUE,FALSE,TRUE,FALSE,FALSE,TRUE,TRUE,TRUE,FALSE,In-BFP: not implemented,MYS
Asia and the Pacific,Malaysia,TRUE,2018,6,FOM,Financial and operational mergers,NA,NA,0,Financial and operational mergers,A,FALSE,FALSE,FALSE,FALSE,FALSE,TRUE,FALSE,FALSE,FALSE,TRUE,TRUE,TRUE,FALSE,In-BFP: not implemented,MYS
Asia and the Pacific,Malaysia,TRUE,2018,6,SST,Sustainability standards and certification (voluntary),Sustainability standards and certification (voluntary),NA,0,Sustainability standards and certification (voluntary),A,FALSE,FALSE,FALSE,FALSE,TRUE,TRUE,FALSE,FALSE,TRUE,FALSE,TRUE,TRUE,FALSE,In-BFP: not implemented,MYS
Asia and the Pacific,Malaysia,TRUE,2018,6,GP,Green procurement,NA,NA,0,Green procurement,A,FALSE,FALSE,FALSE,FALSE,TRUE,FALSE,FALSE,FALSE,TRUE,FALSE,TRUE,FALSE,FALSE,In-BFP: not implemented,MYS
Asia and the Pacific,Malaysia,TRUE,2018,6,LS,Conservation tax credits,NA,NA,0,Enhanced Land or Marine Stewardship,A,FALSE,FALSE,FALSE,FALSE,TRUE,FALSE,FALSE,FALSE,TRUE,FALSE,TRUE,FALSE,FALSE,In-BFP: not implemented,MYS
Asia and the Pacific,Malaysia,TRUE,2018,6,EAR,Earmarking and retention of biodiversity revenues (self income),NA,NA,0,Earmarking and retention of biodiversity revenues (self income),A,FALSE,FALSE,FALSE,TRUE,FALSE,TRUE,FALSE,TRUE,FALSE,FALSE,FALSE,TRUE,FALSE,In-BFP: not implemented,MYS
Asia and the Pacific,Malaysia,TRUE,2018,6,TF,Trade finance,NA,NA,0,Trade finance,A,FALSE,TRUE,FALSE,FALSE,TRUE,FALSE,TRUE,FALSE,FALSE,FALSE,TRUE,TRUE,FALSE,In-BFP: not implemented,MYS
Asia and the Pacific,Malaysia,TRUE,2018,6,EFT,Ecological fiscal transfers (detailed review),NA,under_implementation,1,Ecological fiscal transfers (detailed review),A,FALSE,FALSE,FALSE,TRUE,FALSE,TRUE,FALSE,TRUE,TRUE,FALSE,FALSE,TRUE,TRUE,In-BFP: implemented,MYS
Asia and the Pacific,Malaysia,FALSE,NA,NA,PES,Payment for Ecosystem Services-state intermediation and/or fee,NA,under_implementation,1,Payment for Ecosystem Services (detailed review),A,FALSE,FALSE,FALSE,TRUE,TRUE,TRUE,TRUE,FALSE,FALSE,TRUE,TRUE,TRUE,TRUE,Post-BFP: implemented,MYS
Asia and the Pacific,Malaysia,FALSE,NA,NA,ES,Enabling solutions,Disclosure,under_implementation,1,Enabling  solutions,A,FALSE,FALSE,FALSE,FALSE,FALSE,TRUE,FALSE,TRUE,FALSE,FALSE,FALSE,TRUE,TRUE,Post-BFP: implemented,MYS
Asia and the Pacific,Mongolia,TRUE,2017,7,TFS,Trust funds (detailed review),NA,NA,0,Trust funds (detailed review),A,TRUE,FALSE,FALSE,FALSE,TRUE,TRUE,FALSE,FALSE,FALSE,TRUE,TRUE,TRUE,FALSE,In-BFP: not implemented,MNG
Asia and the Pacific,Mongolia,TRUE,2017,7,PF,Pasture (and grazing) Fees,NA,NA,0,Pasture (and grazing) Fees,A,TRUE,FALSE,FALSE,TRUE,FALSE,TRUE,TRUE,FALSE,FALSE,FALSE,FALSE,TRUE,FALSE,In-BFP: not implemented,MNG
Asia and the Pacific,Mongolia,TRUE,2017,7,II,Impact investment (detailed review),NA,NA,0,Impact investment (detailed review),A,FALSE,TRUE,FALSE,FALSE,TRUE,FALSE,TRUE,FALSE,FALSE,FALSE,TRUE,FALSE,FALSE,In-BFP: not implemented,MNG
Asia and the Pacific,Mongolia,FALSE,NA,NA,PBE,Enhance public budget execution,Enhance local budget execution,NA,0,Enhance public budget execution,A,TRUE,FALSE,FALSE,TRUE,FALSE,TRUE,FALSE,FALSE,FALSE,TRUE,FALSE,TRUE,FALSE,NA,MNG
Asia and the Pacific,Mongolia,FALSE,NA,NA,RBB,Result based budgeting,NA,NA,0,Result based budgeting,A,FALSE,FALSE,FALSE,FALSE,FALSE,TRUE,FALSE,FALSE,TRUE,TRUE,FALSE,TRUE,FALSE,NA,MNG
Asia and the Pacific,Mongolia,TRUE,2017,7,TNRR,Taxes on natural resources (non-renewables),NA,NA,0,Taxes on natural resources (non-renewables),A,FALSE,FALSE,FALSE,TRUE,FALSE,TRUE,TRUE,FALSE,TRUE,FALSE,FALSE,TRUE,FALSE,In-BFP: not implemented,MNG
Asia and the Pacific,Mongolia,FALSE,NA,NA,TFS,Trust funds (detailed review),"Climate, carbon and forestry funds",NA,0,Trust funds (detailed review),A,TRUE,FALSE,FALSE,FALSE,TRUE,TRUE,FALSE,FALSE,FALSE,TRUE,TRUE,TRUE,FALSE,NA,MNG
Asia and the Pacific,Mongolia,FALSE,NA,NA,HS,Change subsidies harmful to biodiversity,NA,under_implementation,1,Change subsidies harmful to biodiversity,A,FALSE,FALSE,FALSE,TRUE,FALSE,TRUE,FALSE,TRUE,TRUE,FALSE,FALSE,TRUE,TRUE,Post-BFP: implemented,MNG
Asia and the Pacific,Indonesia,TRUE,2018,6,LOB,Lobbying for public budget allocations,NA,NA,0,Lobbying for public budget allocations,A,FALSE,FALSE,FALSE,TRUE,FALSE,TRUE,TRUE,TRUE,FALSE,FALSE,FALSE,TRUE,FALSE,In-BFP: not implemented,IDN
Asia and the Pacific,Indonesia,TRUE,2018,6,ODA,Increasing Official Development Assistance (ODA),Aid coordination strategies,NA,0,Increasing Official Development Assistance (ODA),A,TRUE,TRUE,FALSE,FALSE,FALSE,FALSE,TRUE,FALSE,FALSE,FALSE,FALSE,TRUE,FALSE,In-BFP: not implemented,IDN
Asia and the Pacific,Indonesia,TRUE,2018,6,BIO,Bioprospecting (detailed review),NA,NA,0,Bioprospecting (detailed review),A,FALSE,FALSE,FALSE,FALSE,TRUE,FALSE,TRUE,FALSE,TRUE,FALSE,TRUE,FALSE,FALSE,In-BFP: not implemented,IDN
Asia and the Pacific,Indonesia,TRUE,2018,6,TT,Taxes and fees in the tourism sector,NA,NA,0,Taxes and fees in the tourism sector,A,FALSE,FALSE,FALSE,TRUE,FALSE,TRUE,TRUE,FALSE,FALSE,FALSE,FALSE,TRUE,FALSE,In-BFP: not implemented,IDN
Asia and the Pacific,Indonesia,TRUE,2018,6,TFW,"Tarrifs, fees and taxes in the water sector",NA,NA,0,"Tarrifs, fees and taxes in the water sector",A,FALSE,FALSE,FALSE,TRUE,FALSE,TRUE,TRUE,FALSE,FALSE,FALSE,FALSE,TRUE,FALSE,In-BFP: not implemented,IDN
Asia and the Pacific,Indonesia,TRUE,2018,6,TFW,"Tarrifs, fees and taxes in the water sector",Wastewater fees,NA,0,"Tarrifs, fees and taxes in the water sector",A,FALSE,FALSE,FALSE,TRUE,FALSE,TRUE,TRUE,FALSE,FALSE,FALSE,FALSE,TRUE,FALSE,In-BFP: not implemented,IDN
Asia and the Pacific,Indonesia,TRUE,2018,6,CD,Corporate and corporate foundations' donations,NA,NA,0,Corporate and corporate foundations' donations,A,TRUE,TRUE,FALSE,FALSE,TRUE,FALSE,TRUE,FALSE,FALSE,TRUE,TRUE,FALSE,FALSE,In-BFP: not implemented,IDN
Asia and the Pacific,Indonesia,TRUE,2018,6,TFS,Trust funds (detailed review),NA,NA,0,Trust funds (detailed review),A,TRUE,FALSE,FALSE,FALSE,TRUE,TRUE,FALSE,FALSE,FALSE,TRUE,TRUE,TRUE,FALSE,In-BFP: not implemented,IDN
Asia and the Pacific,Indonesia,TRUE,2018,6,CRW,Crowd funding,NA,NA,0,Crowd funding,A,TRUE,TRUE,FALSE,FALSE,TRUE,FALSE,TRUE,FALSE,FALSE,FALSE,TRUE,FALSE,FALSE,In-BFP: not implemented,IDN
Asia and the Pacific,Indonesia,TRUE,2018,6,TT,Taxes and fees in the tourism sector,Entrance fees,NA,0,Taxes and fees in the tourism sector,A,FALSE,FALSE,FALSE,TRUE,FALSE,TRUE,TRUE,FALSE,FALSE,FALSE,FALSE,TRUE,FALSE,In-BFP: not implemented,IDN
Asia and the Pacific,Indonesia,TRUE,2018,6,CD,Corporate and corporate foundations' donations,NA,NA,0,Corporate and corporate foundations' donations,A,TRUE,TRUE,FALSE,FALSE,TRUE,FALSE,TRUE,FALSE,FALSE,TRUE,TRUE,FALSE,FALSE,In-BFP: not implemented,IDN
Asia and the Pacific,Indonesia,TRUE,2018,6,IF,Islamic finance,Sukuk,NA,0,Islamic finance,A,FALSE,TRUE,FALSE,FALSE,TRUE,TRUE,TRUE,FALSE,FALSE,FALSE,TRUE,TRUE,FALSE,In-BFP: not implemented,IDN
Asia and the Pacific,Indonesia,TRUE,2018,6,IF,Islamic finance,Sukuk,under_implementation,1,Islamic finance,A,FALSE,TRUE,FALSE,FALSE,TRUE,TRUE,TRUE,FALSE,FALSE,FALSE,TRUE,TRUE,TRUE,In-BFP: implemented,IDN
Asia and the Pacific,Indonesia,TRUE,2018,6,IF,Islamic finance,NA,under_implementation,1,Islamic finance,A,FALSE,TRUE,FALSE,FALSE,TRUE,TRUE,TRUE,FALSE,FALSE,FALSE,TRUE,TRUE,TRUE,In-BFP: implemented,IDN
Asia and the Pacific,Indonesia,TRUE,2018,6,EFT,Ecological fiscal transfers (detailed review),NA,under_implementation,1,Ecological fiscal transfers (detailed review),A,FALSE,FALSE,FALSE,TRUE,FALSE,TRUE,FALSE,TRUE,TRUE,FALSE,FALSE,TRUE,TRUE,In-BFP: implemented,IDN
Asia and the Pacific,Indonesia,FALSE,NA,NA,RBB,Result based budgeting,NA,under_implementation,1,Result based budgeting,A,FALSE,FALSE,FALSE,FALSE,FALSE,TRUE,FALSE,FALSE,TRUE,TRUE,FALSE,TRUE,TRUE,Post-BFP: implemented,IDN
Asia and the Pacific,Indonesia,TRUE,2018,6,DBS,Debt-for-Nature Swaps (detailed review),NA,under_implementation,1,Debt-for-Nature Swaps (detailed review),A,TRUE,TRUE,FALSE,FALSE,FALSE,FALSE,TRUE,FALSE,FALSE,FALSE,FALSE,TRUE,TRUE,In-BFP: implemented,IDN
Asia and the Pacific,Indonesia,TRUE,2018,6,BO,Biodiversity offsets (detailed review),NA,under_implementation,1,Biodiversity offsets (detailed review),A,FALSE,FALSE,FALSE,FALSE,TRUE,FALSE,TRUE,FALSE,FALSE,TRUE,TRUE,TRUE,TRUE,In-BFP: implemented,IDN
Asia and the Pacific,Indonesia,FALSE,NA,NA,PST,Promotion of sustainable tourism,NA,NA,0,Promotion of sustainable tourism,A,FALSE,FALSE,FALSE,FALSE,TRUE,FALSE,TRUE,FALSE,FALSE,TRUE,TRUE,FALSE,FALSE,NA,IDN
Asia and the Pacific,Indonesia,FALSE,NA,NA,ES,Enabling solutions,Disclosure,under_implementation,1,Enabling  solutions,A,FALSE,FALSE,FALSE,FALSE,FALSE,TRUE,FALSE,TRUE,FALSE,FALSE,FALSE,TRUE,TRUE,Post-BFP: implemented,IDN
Africa,Zambia,TRUE,2018,6,LOB,Lobbying for public budget allocations,NA,NA,0,Lobbying for public budget allocations,A,FALSE,FALSE,FALSE,TRUE,FALSE,TRUE,TRUE,TRUE,FALSE,FALSE,FALSE,TRUE,FALSE,In-BFP: not implemented,ZMB
Africa,Zambia,TRUE,2018,6,SST,"Sustainability frameworks, standards, and assessment systems",NA,NA,0,Sustainability standards and certification (voluntary),A,FALSE,FALSE,FALSE,FALSE,TRUE,TRUE,FALSE,FALSE,TRUE,FALSE,TRUE,TRUE,FALSE,In-BFP: not implemented,ZMB
Africa,Zambia,TRUE,2018,6,RBB,Result based budgeting,NA,NA,0,Result based budgeting,A,FALSE,FALSE,FALSE,FALSE,FALSE,TRUE,FALSE,FALSE,TRUE,TRUE,FALSE,TRUE,FALSE,In-BFP: not implemented,ZMB
Africa,Zambia,TRUE,2018,6,CEM,Cost effectiveness measures,NA,NA,0,Cost effectiveness measures,A,FALSE,FALSE,FALSE,FALSE,FALSE,TRUE,FALSE,FALSE,TRUE,TRUE,TRUE,TRUE,FALSE,In-BFP: not implemented,ZMB
Africa,Zambia,TRUE,2018,6,ISB,Incentives for sustainable business,NA,NA,0,Incentives for sustainable business,A,FALSE,FALSE,FALSE,TRUE,TRUE,TRUE,TRUE,TRUE,TRUE,TRUE,FALSE,TRUE,FALSE,In-BFP: not implemented,ZMB
Africa,Zambia,TRUE,2018,6,CE,Conservation easement (external-analysis),NA,NA,0,Conservation easement (external-analysis),A,FALSE,FALSE,FALSE,TRUE,TRUE,TRUE,FALSE,FALSE,TRUE,TRUE,TRUE,TRUE,FALSE,In-BFP: not implemented,ZMB
Africa,Zambia,TRUE,2018,6,SST,Sustainability standards and certification (voluntary),Eco-labels,NA,0,Sustainability standards and certification (voluntary),A,FALSE,FALSE,FALSE,FALSE,TRUE,TRUE,FALSE,FALSE,TRUE,FALSE,TRUE,TRUE,FALSE,In-BFP: not implemented,ZMB
Africa,Zambia,TRUE,2018,6,TFS,Trust funds (detailed review),NA,NA,0,Trust funds (detailed review),A,TRUE,FALSE,FALSE,FALSE,TRUE,TRUE,FALSE,FALSE,FALSE,TRUE,TRUE,TRUE,FALSE,In-BFP: not implemented,ZMB
Africa,Zambia,TRUE,2018,6,ES,Enabling solutions,Expenditure reporting,NA,0,Enabling  solutions,A,FALSE,FALSE,FALSE,FALSE,FALSE,TRUE,FALSE,TRUE,FALSE,FALSE,FALSE,TRUE,FALSE,In-BFP: not implemented,ZMB
Africa,Zambia,TRUE,2018,6,BO,Biodiversity offsets (detailed review),NA,NA,0,Biodiversity offsets (detailed review),A,FALSE,FALSE,FALSE,FALSE,TRUE,FALSE,TRUE,FALSE,FALSE,TRUE,TRUE,TRUE,FALSE,In-BFP: not implemented,ZMB
Africa,Zambia,TRUE,2018,6,ES,Enabling solutions,Mainstreaming,NA,0,Enabling  solutions,A,FALSE,FALSE,FALSE,FALSE,FALSE,TRUE,FALSE,TRUE,FALSE,FALSE,FALSE,TRUE,FALSE,In-BFP: not implemented,ZMB
Africa,Zambia,TRUE,2018,6,EAR,Earmarking and retention of biodiversity revenues (self income),NA,NA,0,Earmarking and retention of biodiversity revenues (self income),A,FALSE,FALSE,FALSE,TRUE,FALSE,TRUE,FALSE,TRUE,FALSE,FALSE,FALSE,TRUE,FALSE,In-BFP: not implemented,ZMB
Africa,Zambia,TRUE,2018,6,CEM,Cost effectiveness measures,NA,NA,0,Cost effectiveness measures,A,FALSE,FALSE,FALSE,FALSE,FALSE,TRUE,FALSE,FALSE,TRUE,TRUE,TRUE,TRUE,FALSE,In-BFP: not implemented,ZMB
Africa,Zambia,TRUE,2018,6,ES,Enabling solutions,NA,NA,0,Enabling  solutions,A,FALSE,FALSE,FALSE,FALSE,FALSE,TRUE,FALSE,TRUE,FALSE,FALSE,FALSE,TRUE,FALSE,In-BFP: not implemented,ZMB
Africa,Zambia,TRUE,2018,6,GB,Green bonds (detailed review),NA,under_implementation,1,Green bonds (detailed review),A,FALSE,TRUE,FALSE,FALSE,TRUE,FALSE,TRUE,FALSE,FALSE,FALSE,TRUE,TRUE,TRUE,In-BFP: implemented,ZMB
Africa,Zambia,FALSE,NA,NA,SST,"Sustainability frameworks, standards, and assessments",NA,under_implementation,1,Sustainability standards and certification (voluntary),A,FALSE,FALSE,FALSE,FALSE,TRUE,TRUE,FALSE,FALSE,TRUE,FALSE,TRUE,TRUE,TRUE,Post-BFP: implemented,ZMB
Africa,Zambia,FALSE,NA,NA,SST,"Sustainability frameworks, standards, and assessments",NA,under_implementation,1,Sustainability standards and certification (voluntary),A,FALSE,FALSE,FALSE,FALSE,TRUE,TRUE,FALSE,FALSE,TRUE,FALSE,TRUE,TRUE,TRUE,Post-BFP: implemented,ZMB
Asia and the Pacific,Sri Lanka,TRUE,2018,6,GL,Green lending,NA,NA,0,Green lending,A,FALSE,TRUE,FALSE,FALSE,TRUE,FALSE,TRUE,FALSE,FALSE,FALSE,TRUE,TRUE,FALSE,In-BFP: not implemented,LKA
Asia and the Pacific,Sri Lanka,TRUE,2018,6,SST,Sustainability standards and certification (voluntary),Eco-labels,NA,0,Sustainability standards and certification (voluntary),A,FALSE,FALSE,FALSE,FALSE,TRUE,TRUE,FALSE,FALSE,TRUE,FALSE,TRUE,TRUE,FALSE,In-BFP: not implemented,LKA
Asia and the Pacific,Sri Lanka,TRUE,2018,6,PES,Payment for Ecosystem Services (detailed review),Payment for Ecosystem Services-private to private,NA,0,Payment for Ecosystem Services (detailed review),A,FALSE,FALSE,FALSE,TRUE,TRUE,TRUE,TRUE,FALSE,FALSE,TRUE,TRUE,TRUE,FALSE,In-BFP: not implemented,LKA
Asia and the Pacific,Sri Lanka,TRUE,2018,6,SST,Sustainability standards and certification (voluntary),Eco-labels,NA,0,Sustainability standards and certification (voluntary),A,FALSE,FALSE,FALSE,FALSE,TRUE,TRUE,FALSE,FALSE,TRUE,FALSE,TRUE,TRUE,FALSE,In-BFP: not implemented,LKA
Asia and the Pacific,Sri Lanka,TRUE,2018,6,GL,Green lending,NA,NA,0,Green lending,A,FALSE,TRUE,FALSE,FALSE,TRUE,FALSE,TRUE,FALSE,FALSE,FALSE,TRUE,TRUE,FALSE,In-BFP: not implemented,LKA
Asia and the Pacific,Sri Lanka,TRUE,2018,6,PES,Payment for Ecosystem Services (detailed review),NA,NA,0,Payment for Ecosystem Services (detailed review),A,FALSE,FALSE,FALSE,TRUE,TRUE,TRUE,TRUE,FALSE,FALSE,TRUE,TRUE,TRUE,FALSE,In-BFP: not implemented,LKA
Asia and the Pacific,Sri Lanka,FALSE,NA,NA,DRI,Disaster risk insurance,Human-wildlife conflict insurance,under_implementation,1,Disaster risk insurance,A,FALSE,FALSE,TRUE,FALSE,FALSE,FALSE,FALSE,FALSE,TRUE,FALSE,TRUE,TRUE,TRUE,Post-BFP: implemented,LKA
Africa,Mozambique,TRUE,2021,3,TFWI,Taxes and fees in the wildlife sector,Hunting permits or concessions,NA,0,Taxes and fees in the wildlife sector,A,FALSE,FALSE,FALSE,TRUE,FALSE,TRUE,TRUE,FALSE,FALSE,FALSE,FALSE,TRUE,FALSE,In-BFP: not implemented,MOZ
Africa,Mozambique,TRUE,2021,3,BO,Biodiversity offsets (detailed review),NA,under_implementation,1,Biodiversity offsets (detailed review),A,FALSE,FALSE,FALSE,FALSE,TRUE,FALSE,TRUE,FALSE,FALSE,TRUE,TRUE,TRUE,TRUE,In-BFP: implemented,MOZ
Africa,Mozambique,TRUE,2021,3,EAR,Earmarking and retention of biodiversity revenues (self income),NA,NA,0,Earmarking and retention of biodiversity revenues (self income),A,FALSE,FALSE,FALSE,TRUE,FALSE,TRUE,FALSE,TRUE,FALSE,FALSE,FALSE,TRUE,FALSE,In-BFP: not implemented,MOZ
Africa,Mozambique,TRUE,2021,3,LOB,Lobbying for public budget allocations,NA,under_implementation,1,Lobbying for public budget allocations,A,FALSE,FALSE,FALSE,TRUE,FALSE,TRUE,TRUE,TRUE,FALSE,FALSE,FALSE,TRUE,TRUE,In-BFP: implemented,MOZ
Africa,Mozambique,FALSE,2021,3,RBB,Result based budgeting,NA,under_implementation,1,Result based budgeting,A,FALSE,FALSE,FALSE,FALSE,FALSE,TRUE,FALSE,FALSE,TRUE,TRUE,FALSE,TRUE,TRUE,Post-BFP: implemented,MOZ
Africa,Mozambique,TRUE,2021,3,NPA,Non-State Protected Areas,NA,NA,0,Non-State Protected Areas,A,FALSE,FALSE,FALSE,FALSE,TRUE,FALSE,TRUE,FALSE,FALSE,FALSE,TRUE,FALSE,FALSE,In-BFP: not implemented,MOZ
Africa,Mozambique,TRUE,2021,3,CM,Carbon markets (detailed review),NA,NA,0,Carbon markets (detailed review),A,FALSE,FALSE,FALSE,FALSE,TRUE,TRUE,TRUE,FALSE,TRUE,FALSE,TRUE,TRUE,FALSE,In-BFP: not implemented,MOZ
Africa,Mozambique,FALSE,NA,NA,DRI,Disaster risk insurance,NA,under_implementation,1,Disaster risk insurance,A,FALSE,FALSE,TRUE,FALSE,FALSE,FALSE,FALSE,FALSE,TRUE,FALSE,TRUE,TRUE,TRUE,Post-BFP: implemented,MOZ
Asia and the Pacific,Bhutan,TRUE,2019,5,LOB,Lobbying for public budget allocations,NA,NA,0,Lobbying for public budget allocations,A,FALSE,FALSE,FALSE,TRUE,FALSE,TRUE,TRUE,TRUE,FALSE,FALSE,FALSE,TRUE,FALSE,In-BFP: not implemented,BTN
Asia and the Pacific,Bhutan,TRUE,2019,5,LOB,Lobbying for public budget allocations,NA,NA,0,Lobbying for public budget allocations,A,FALSE,FALSE,FALSE,TRUE,FALSE,TRUE,TRUE,TRUE,FALSE,FALSE,FALSE,TRUE,FALSE,In-BFP: not implemented,BTN
Asia and the Pacific,Bhutan,TRUE,2019,5,TFF,"Taxes, Fees and Royalties in the Forestry Sector",Forestry Concession Fees,NA,0,"Taxes, Fees and Royalties in the Forestry Sector",A,FALSE,FALSE,FALSE,TRUE,FALSE,TRUE,TRUE,FALSE,FALSE,FALSE,FALSE,TRUE,FALSE,In-BFP: not implemented,BTN
Asia and the Pacific,Bhutan,TRUE,2019,5,CS,Corporate sustainability,NA,NA,0,Corporate sustainability,A,TRUE,TRUE,FALSE,FALSE,TRUE,FALSE,TRUE,FALSE,FALSE,TRUE,TRUE,FALSE,FALSE,In-BFP: not implemented,BTN
Asia and the Pacific,Bhutan,FALSE,NA,NA,RBB,Result based budgeting,NA,under_implementation,1,Result based budgeting,A,FALSE,FALSE,FALSE,FALSE,FALSE,TRUE,FALSE,FALSE,TRUE,TRUE,FALSE,TRUE,TRUE,Post-BFP: implemented,BTN
Asia and the Pacific,Bhutan,FALSE,NA,NA,PBE,Enhance public budget execution,Enhance local budget execution,under_implementation,1,Enhance public budget execution,A,TRUE,FALSE,FALSE,TRUE,FALSE,TRUE,FALSE,FALSE,FALSE,TRUE,FALSE,TRUE,TRUE,Post-BFP: implemented,BTN
Asia and the Pacific,Bhutan,TRUE,2019,5,TT,Taxes and fees in the tourism sector,NA,under_implementation,1,Taxes and fees in the tourism sector,A,FALSE,FALSE,FALSE,TRUE,FALSE,TRUE,TRUE,FALSE,FALSE,FALSE,FALSE,TRUE,TRUE,In-BFP: implemented,BTN
Asia and the Pacific,Bhutan,TRUE,2019,5,DRI,Disaster risk insurance,Human-wildlife conflict insurance,under_implementation,1,Disaster risk insurance,A,FALSE,FALSE,TRUE,FALSE,FALSE,FALSE,FALSE,FALSE,TRUE,FALSE,TRUE,TRUE,TRUE,In-BFP: implemented,BTN
Africa,Tanzania,TRUE,2022,2,TFS,Trust funds (detailed review),NA,NA,0,Trust funds (detailed review),A,TRUE,FALSE,FALSE,FALSE,TRUE,TRUE,FALSE,FALSE,FALSE,TRUE,TRUE,TRUE,FALSE,In-BFP: not implemented,TZA
Africa,Tanzania,TRUE,2022,2,DBS,Debt-for-Nature Swaps (detailed review),NA,NA,0,Debt-for-Nature Swaps (detailed review),A,TRUE,TRUE,FALSE,FALSE,FALSE,FALSE,TRUE,FALSE,FALSE,FALSE,FALSE,TRUE,FALSE,In-BFP: not implemented,TZA
Africa,Tanzania,TRUE,2022,2,EAR,Earmarking and retention of biodiversity revenues (self income),NA,NA,0,Earmarking and retention of biodiversity revenues (self income),A,FALSE,FALSE,FALSE,TRUE,FALSE,TRUE,FALSE,TRUE,FALSE,FALSE,FALSE,TRUE,FALSE,In-BFP: not implemented,TZA
Africa,Tanzania,TRUE,2022,2,CRW,Crowd funding,NA,NA,0,Crowd funding,A,TRUE,TRUE,FALSE,FALSE,TRUE,FALSE,TRUE,FALSE,FALSE,FALSE,TRUE,FALSE,FALSE,In-BFP: not implemented,TZA
Africa,Tanzania,TRUE,2022,2,PES,Payment for Ecosystem Services (detailed review),NA,NA,0,Payment for Ecosystem Services (detailed review),A,FALSE,FALSE,FALSE,TRUE,TRUE,TRUE,TRUE,FALSE,FALSE,TRUE,TRUE,TRUE,FALSE,In-BFP: not implemented,TZA
Africa,Tanzania,TRUE,2022,2,CM,Carbon markets(detailed review),REDD+,NA,0,Carbon markets (detailed review),A,FALSE,FALSE,FALSE,FALSE,TRUE,TRUE,TRUE,FALSE,TRUE,FALSE,TRUE,TRUE,FALSE,In-BFP: not implemented,TZA
Africa,Tanzania,TRUE,2022,2,CRW,Crowd funding,NA,NA,0,Crowd funding,A,TRUE,TRUE,FALSE,FALSE,TRUE,FALSE,TRUE,FALSE,FALSE,FALSE,TRUE,FALSE,FALSE,In-BFP: not implemented,TZA
Africa,Tanzania,TRUE,2022,2,BFS,Biodiversity friendly subsidies,NA,NA,0,Biodiversity friendly subsidies,A,TRUE,FALSE,FALSE,TRUE,FALSE,TRUE,FALSE,FALSE,TRUE,FALSE,FALSE,TRUE,FALSE,In-BFP: not implemented,TZA
Africa,Tanzania,TRUE,2022,2,TT,Taxes and fees in the tourism sector,Entrance fees,under_implementation,1,Taxes and fees in the tourism sector,A,FALSE,FALSE,FALSE,TRUE,FALSE,TRUE,TRUE,FALSE,FALSE,FALSE,FALSE,TRUE,TRUE,In-BFP: implemented,TZA
Africa,Tanzania,TRUE,2022,2,ES,Enabling solutions,Partnership and platform,under_implementation,1,Enabling  solutions,A,FALSE,FALSE,FALSE,FALSE,FALSE,TRUE,FALSE,TRUE,FALSE,FALSE,FALSE,TRUE,TRUE,In-BFP: implemented,TZA
Africa,Tanzania,TRUE,2022,2,HS,Change subsidies harmful to biodiversity,NA,under_implementation,1,Change subsidies harmful to biodiversity,A,FALSE,FALSE,FALSE,TRUE,FALSE,TRUE,FALSE,TRUE,TRUE,FALSE,FALSE,TRUE,TRUE,In-BFP: implemented,TZA
Africa,Tanzania,TRUE,2022,2,BFS,Biodiversity friendly subsidies,NA,under_implementation,1,Biodiversity friendly subsidies,A,TRUE,FALSE,FALSE,TRUE,FALSE,TRUE,FALSE,FALSE,TRUE,FALSE,FALSE,TRUE,TRUE,In-BFP: implemented,TZA
Africa,Tanzania,FALSE,NA,NA,PST,Promotion of sustainable tourism,NA,under_implementation,1,Promotion of sustainable tourism,A,FALSE,FALSE,FALSE,FALSE,TRUE,FALSE,TRUE,FALSE,FALSE,TRUE,TRUE,FALSE,TRUE,Post-BFP: implemented,TZA
Asia and the Pacific,Vietnam,TRUE,2019,5,PES,Payment for Ecosystem Services (detailed review),NA,NA,0,Payment for Ecosystem Services (detailed review),A,FALSE,FALSE,FALSE,TRUE,TRUE,TRUE,TRUE,FALSE,FALSE,TRUE,TRUE,TRUE,FALSE,In-BFP: not implemented,VNM
Asia and the Pacific,Vietnam,TRUE,2019,5,ES,Enabling solutions,Partnership and platform,NA,0,Enabling  solutions,A,FALSE,FALSE,FALSE,FALSE,FALSE,TRUE,FALSE,TRUE,FALSE,FALSE,FALSE,TRUE,FALSE,In-BFP: not implemented,VNM
Asia and the Pacific,Vietnam,TRUE,2019,5,ODA,Increasing Official Development Assistance (ODA),Aid coordination strategies,NA,0,Increasing Official Development Assistance (ODA),A,TRUE,TRUE,FALSE,FALSE,FALSE,FALSE,TRUE,FALSE,FALSE,FALSE,FALSE,TRUE,FALSE,In-BFP: not implemented,VNM
Asia and the Pacific,Vietnam,TRUE,2019,5,BO,Biodiversity offsets (detailed review),NA,NA,0,Biodiversity offsets (detailed review),A,FALSE,FALSE,FALSE,FALSE,TRUE,FALSE,TRUE,FALSE,FALSE,TRUE,TRUE,TRUE,FALSE,In-BFP: not implemented,VNM
Asia and the Pacific,Vietnam,TRUE,2019,5,NCA,Promoting natural capital accounting,Natural capital accounting-national accounts,NA,0,Promoting natural capital accounting,A,FALSE,FALSE,FALSE,FALSE,FALSE,TRUE,FALSE,TRUE,TRUE,FALSE,TRUE,TRUE,FALSE,In-BFP: not implemented,VNM
Asia and the Pacific,Vietnam,TRUE,2019,5,CEM,Cost effectiveness measures,NA,NA,0,Cost effectiveness measures,A,FALSE,FALSE,FALSE,FALSE,FALSE,TRUE,FALSE,FALSE,TRUE,TRUE,TRUE,TRUE,FALSE,In-BFP: not implemented,VNM
Asia and the Pacific,Vietnam,TRUE,2019,5,PST,Promotion of sustainable tourism,NA,under_implementation,1,Promotion of sustainable tourism,A,FALSE,FALSE,FALSE,FALSE,TRUE,FALSE,TRUE,FALSE,FALSE,TRUE,TRUE,FALSE,TRUE,In-BFP: implemented,VNM
Asia and the Pacific,Vietnam,TRUE,2019,5,RBB,Result based budgeting,NA,under_implementation,1,Result based budgeting,A,FALSE,FALSE,FALSE,FALSE,FALSE,TRUE,FALSE,FALSE,TRUE,TRUE,FALSE,TRUE,TRUE,In-BFP: implemented,VNM
Asia and the Pacific,Vietnam,TRUE,2019,5,TT,Taxes and fees in the tourism sector,Entrance fees,under_implementation,1,Taxes and fees in the tourism sector,A,FALSE,FALSE,FALSE,TRUE,FALSE,TRUE,TRUE,FALSE,FALSE,FALSE,FALSE,TRUE,TRUE,In-BFP: implemented,VNM
Asia and the Pacific,Vietnam,FALSE,NA,NA,GL,Green lending,Community finance,under_implementation,1,Green lending,A,FALSE,TRUE,FALSE,FALSE,TRUE,FALSE,TRUE,FALSE,FALSE,FALSE,TRUE,TRUE,TRUE,Post-BFP: implemented,VNM
Asia and the Pacific,Vietnam,FALSE,NA,NA,TT,Taxes and fees in the tourism sector,Diving fee,under_implementation,1,Taxes and fees in the tourism sector,A,FALSE,FALSE,FALSE,TRUE,FALSE,TRUE,TRUE,FALSE,FALSE,FALSE,FALSE,TRUE,TRUE,Post-BFP: implemented,VNM
Asia and the Pacific,Vietnam,FALSE,NA,NA,TFI,"Taxes, fees and quotas in the fishery sector",NA,under_implementation,1,"Taxes, fees and quotas in the fishery sector",A,FALSE,FALSE,FALSE,TRUE,FALSE,TRUE,TRUE,FALSE,TRUE,FALSE,FALSE,TRUE,TRUE,Post-BFP: implemented,VNM
Europe and Central Asia,Georgia,TRUE,2018,6,RBB,Result based budgeting,NA,NA,0,Result based budgeting,A,FALSE,FALSE,FALSE,FALSE,FALSE,TRUE,FALSE,FALSE,TRUE,TRUE,FALSE,TRUE,FALSE,In-BFP: not implemented,GEO
Europe and Central Asia,Georgia,TRUE,2018,6,PST,Promotion of sustainable tourism,NA,NA,0,Promotion of sustainable tourism,A,FALSE,FALSE,FALSE,FALSE,TRUE,FALSE,TRUE,FALSE,FALSE,TRUE,TRUE,FALSE,FALSE,In-BFP: not implemented,GEO
Europe and Central Asia,Georgia,TRUE,2018,6,EIA,Environmental (and Social) Impact Assessment,NA,NA,0,Environmental (and Social) Impact Assessment,A,FALSE,FALSE,FALSE,TRUE,FALSE,TRUE,FALSE,FALSE,TRUE,TRUE,FALSE,TRUE,FALSE,In-BFP: not implemented,GEO
Europe and Central Asia,Georgia,TRUE,2018,6,ED,Penalties and other compensation for unplanned environmental damage,NA,NA,0,Penalties and other compensation for unplanned environmental damage,A,FALSE,FALSE,FALSE,FALSE,FALSE,TRUE,TRUE,FALSE,TRUE,FALSE,FALSE,TRUE,FALSE,In-BFP: not implemented,GEO
Europe and Central Asia,Georgia,TRUE,2018,6,EC,Compensation for planned environmental damage,NA,NA,0,Compensation for planned environmental damage,A,FALSE,FALSE,FALSE,FALSE,FALSE,TRUE,TRUE,FALSE,TRUE,FALSE,FALSE,TRUE,FALSE,In-BFP: not implemented,GEO
Europe and Central Asia,Georgia,TRUE,2018,6,TNRN,Taxes on renewable natural capital (detailed review),NA,NA,0,Taxes on renewable natural capital (detailed review),A,FALSE,FALSE,FALSE,TRUE,FALSE,TRUE,TRUE,FALSE,TRUE,FALSE,FALSE,TRUE,FALSE,In-BFP: not implemented,GEO
Europe and Central Asia,Georgia,TRUE,2018,6,PST,Promotion of sustainable tourism,NA,NA,0,Promotion of sustainable tourism,A,FALSE,FALSE,FALSE,FALSE,TRUE,FALSE,TRUE,FALSE,FALSE,TRUE,TRUE,FALSE,FALSE,In-BFP: not implemented,GEO
Europe and Central Asia,Georgia,TRUE,2018,6,ODA,Increasing Official Development Assistance (ODA),NA,NA,0,Increasing Official Development Assistance (ODA),A,TRUE,TRUE,FALSE,FALSE,FALSE,FALSE,TRUE,FALSE,FALSE,FALSE,FALSE,TRUE,FALSE,In-BFP: not implemented,GEO
Europe and Central Asia,Georgia,FALSE,NA,NA,HS,Change subsidies harmful to biodiversity,NA,under_implementation,1,Change subsidies harmful to biodiversity,A,FALSE,FALSE,FALSE,TRUE,FALSE,TRUE,FALSE,TRUE,TRUE,FALSE,FALSE,TRUE,TRUE,Post-BFP: implemented,GEO
Europe and Central Asia,Georgia,FALSE,NA,NA,TFF,"Taxes, Fees and Royalties in the Forestry Sector",Non-Timber Forest Product harvesting licenses and fees,under_implementation,1,"Taxes, Fees and Royalties in the Forestry Sector",A,FALSE,FALSE,FALSE,TRUE,FALSE,TRUE,TRUE,FALSE,FALSE,FALSE,FALSE,TRUE,TRUE,Post-BFP: implemented,GEO
Europe and Central Asia,Georgia,TRUE,2018,6,TFF,"Taxes, Fees and Royalties in the Forestry Sector",NA,under_implementation,1,"Taxes, Fees and Royalties in the Forestry Sector",A,FALSE,FALSE,FALSE,TRUE,FALSE,TRUE,TRUE,FALSE,FALSE,FALSE,FALSE,TRUE,TRUE,In-BFP: implemented,GEO
Europe and Central Asia,Georgia,FALSE,NA,NA,ES,Enabling solutions,NA,under_implementation,1,Enabling  solutions,A,FALSE,FALSE,FALSE,FALSE,FALSE,TRUE,FALSE,TRUE,FALSE,FALSE,FALSE,TRUE,TRUE,Post-BFP: implemented,GEO
Europe and Central Asia,Georgia,FALSE,NA,NA,CRW,Crowd funding,NA,under_implementation,1,Crowd funding,A,TRUE,TRUE,FALSE,FALSE,TRUE,FALSE,TRUE,FALSE,FALSE,FALSE,TRUE,FALSE,TRUE,Post-BFP: implemented,GEO
Europe and Central Asia,Georgia,FALSE,NA,NA,CRW,Crowd funding,NA,under_implementation,1,Crowd funding,A,TRUE,TRUE,FALSE,FALSE,TRUE,FALSE,TRUE,FALSE,FALSE,FALSE,TRUE,FALSE,TRUE,Post-BFP: implemented,GEO
Europe and Central Asia,Georgia,FALSE,NA,NA,HS,Change subsidies harmful to biodiversity,NA,under_implementation,1,Change subsidies harmful to biodiversity,A,FALSE,FALSE,FALSE,TRUE,FALSE,TRUE,FALSE,TRUE,TRUE,FALSE,FALSE,TRUE,TRUE,Post-BFP: implemented,GEO
Asia and the Pacific,Fiji,TRUE,2018,6,TNRR,Taxes on natural resources (non-renewables),Taxes on fuel (detailed review),NA,0,Taxes on natural resources (non-renewables),A,FALSE,FALSE,FALSE,TRUE,FALSE,TRUE,TRUE,FALSE,TRUE,FALSE,FALSE,TRUE,FALSE,In-BFP: not implemented,FJI
Asia and the Pacific,Fiji,TRUE,2018,6,TNRR,Taxes on natural resources (non-renewables),NA,NA,0,Taxes on natural resources (non-renewables),A,FALSE,FALSE,FALSE,TRUE,FALSE,TRUE,TRUE,FALSE,TRUE,FALSE,FALSE,TRUE,FALSE,In-BFP: not implemented,FJI
Asia and the Pacific,Fiji,TRUE,2018,6,TPF,Taxes on pesticides and fertilizers (detailed review),NA,NA,0,Taxes on pesticides and fertilizers (detailed review),A,FALSE,FALSE,FALSE,TRUE,FALSE,TRUE,TRUE,FALSE,TRUE,FALSE,FALSE,TRUE,FALSE,In-BFP: not implemented,FJI
Asia and the Pacific,Fiji,TRUE,2018,6,PBE,Enhance public budget execution,NA,NA,0,Enhance public budget execution,A,TRUE,FALSE,FALSE,TRUE,FALSE,TRUE,FALSE,FALSE,FALSE,TRUE,FALSE,TRUE,FALSE,In-BFP: not implemented,FJI
Asia and the Pacific,Fiji,TRUE,2018,6,ES,Enabling solutions,Institutionalization,NA,0,Enabling  solutions,A,FALSE,FALSE,FALSE,FALSE,FALSE,TRUE,FALSE,TRUE,FALSE,FALSE,FALSE,TRUE,FALSE,In-BFP: not implemented,FJI
Asia and the Pacific,Fiji,TRUE,2018,6,TFW,"Tarrifs, fees and taxes in the water sector",NA,NA,0,"Tarrifs, fees and taxes in the water sector",A,FALSE,FALSE,FALSE,TRUE,FALSE,TRUE,TRUE,FALSE,FALSE,FALSE,FALSE,TRUE,FALSE,In-BFP: not implemented,FJI
Asia and the Pacific,Fiji,TRUE,2018,6,GB,Green bonds (detailed review),NA,NA,0,Green bonds (detailed review),A,FALSE,TRUE,FALSE,FALSE,TRUE,FALSE,TRUE,FALSE,FALSE,FALSE,TRUE,TRUE,FALSE,In-BFP: not implemented,FJI
Asia and the Pacific,Fiji,TRUE,2018,6,TNRR,Taxes on natural resources (non-renewables),NA,NA,0,Taxes on natural resources (non-renewables),A,FALSE,FALSE,FALSE,TRUE,FALSE,TRUE,TRUE,FALSE,TRUE,FALSE,FALSE,TRUE,FALSE,In-BFP: not implemented,FJI
Asia and the Pacific,Fiji,TRUE,2018,6,ODA,NA,NA,NA,0,Increasing Official Development Assistance (ODA),A,TRUE,TRUE,FALSE,FALSE,FALSE,FALSE,TRUE,FALSE,FALSE,FALSE,FALSE,TRUE,FALSE,In-BFP: not implemented,FJI
Asia and the Pacific,Fiji,TRUE,2018,6,TT,Taxes and fees in the tourism sector,NA,NA,0,Taxes and fees in the tourism sector,A,FALSE,FALSE,FALSE,TRUE,FALSE,TRUE,TRUE,FALSE,FALSE,FALSE,FALSE,TRUE,FALSE,In-BFP: not implemented,FJI
Asia and the Pacific,Fiji,TRUE,2018,6,BO,Biobanking (habitat/species),NA,NA,0,Biodiversity offsets (detailed review),A,FALSE,FALSE,FALSE,FALSE,TRUE,FALSE,TRUE,FALSE,FALSE,TRUE,TRUE,TRUE,FALSE,In-BFP: not implemented,FJI
Latin America and Caribbean,Cuba,TRUE,2019,5,TFS,Trust funds (detailed review),"Climate, carbon and forestry funds",NA,0,Trust funds (detailed review),A,TRUE,FALSE,FALSE,FALSE,TRUE,TRUE,FALSE,FALSE,FALSE,TRUE,TRUE,TRUE,FALSE,In-BFP: not implemented,CUB
Latin America and Caribbean,Cuba,TRUE,2019,5,ISB,Incentives for sustainable business,NA,NA,0,Incentives for sustainable business,A,FALSE,FALSE,FALSE,TRUE,TRUE,TRUE,TRUE,TRUE,TRUE,TRUE,FALSE,TRUE,FALSE,In-BFP: not implemented,CUB
Latin America and Caribbean,Cuba,TRUE,2019,5,EIA,Environmental (and Social) Impact Assessment,EIA Permitting and Review Fees,NA,0,Environmental (and Social) Impact Assessment,A,FALSE,FALSE,FALSE,TRUE,FALSE,TRUE,FALSE,FALSE,TRUE,TRUE,FALSE,TRUE,FALSE,In-BFP: not implemented,CUB
Latin America and Caribbean,Cuba,TRUE,2019,5,TNRN,Taxes on renewable natural capital (detailed review),NA,NA,0,Taxes on renewable natural capital (detailed review),A,FALSE,FALSE,FALSE,TRUE,FALSE,TRUE,TRUE,FALSE,TRUE,FALSE,FALSE,TRUE,FALSE,In-BFP: not implemented,CUB
Latin America and Caribbean,Cuba,TRUE,2019,5,TFW,"Tarrifs, fees and taxes in the water sector",NA,NA,0,"Tarrifs, fees and taxes in the water sector",A,FALSE,FALSE,FALSE,TRUE,FALSE,TRUE,TRUE,FALSE,FALSE,FALSE,FALSE,TRUE,FALSE,In-BFP: not implemented,CUB
Latin America and Caribbean,Cuba,TRUE,2019,5,TFW,"Tarrifs, fees and taxes in the water sector",Water tarrifs,NA,0,"Tarrifs, fees and taxes in the water sector",A,FALSE,FALSE,FALSE,TRUE,FALSE,TRUE,TRUE,FALSE,FALSE,FALSE,FALSE,TRUE,FALSE,In-BFP: not implemented,CUB
Latin America and Caribbean,Cuba,TRUE,2019,5,PES,Payment for Ecosystem Services (detailed review),NA,NA,0,Payment for Ecosystem Services (detailed review),A,FALSE,FALSE,FALSE,TRUE,TRUE,TRUE,TRUE,FALSE,FALSE,TRUE,TRUE,TRUE,FALSE,In-BFP: not implemented,CUB
Latin America and Caribbean,Cuba,TRUE,2019,5,BO,Biodiversity offsets (detailed review),NA,NA,0,Biodiversity offsets (detailed review),A,FALSE,FALSE,FALSE,FALSE,TRUE,FALSE,TRUE,FALSE,FALSE,TRUE,TRUE,TRUE,FALSE,In-BFP: not implemented,CUB
Latin America and Caribbean,Cuba,TRUE,2019,5,ERI,Environmental risk insurance,NA,NA,0,Environmental risk insurance,A,FALSE,FALSE,TRUE,FALSE,FALSE,FALSE,FALSE,FALSE,TRUE,FALSE,TRUE,TRUE,FALSE,In-BFP: not implemented,CUB
Latin America and Caribbean,Cuba,TRUE,2019,5,TT,Taxes and fees in the tourism sector,Fee on international travel (air/cruise),NA,0,Taxes and fees in the tourism sector,A,FALSE,FALSE,FALSE,TRUE,FALSE,TRUE,TRUE,FALSE,FALSE,FALSE,FALSE,TRUE,FALSE,In-BFP: not implemented,CUB
Latin America and Caribbean,Cuba,TRUE,2019,5,GK,Green banks,NA,NA,0,Green banks,A,FALSE,TRUE,FALSE,FALSE,TRUE,FALSE,TRUE,FALSE,FALSE,TRUE,FALSE,TRUE,FALSE,In-BFP: not implemented,CUB
Latin America and Caribbean,Cuba,TRUE,2019,5,TFS,Trust funds (detailed review),NA,NA,0,Trust funds (detailed review),A,TRUE,FALSE,FALSE,FALSE,TRUE,TRUE,FALSE,FALSE,FALSE,TRUE,TRUE,TRUE,FALSE,In-BFP: not implemented,CUB
Latin America and Caribbean,Cuba,TRUE,2019,5,TNRN,Taxes on renewable natural capital (detailed review),NA,NA,0,Taxes on renewable natural capital (detailed review),A,FALSE,FALSE,FALSE,TRUE,FALSE,TRUE,TRUE,FALSE,TRUE,FALSE,FALSE,TRUE,FALSE,In-BFP: not implemented,CUB
Latin America and Caribbean,Cuba,TRUE,2019,5,TNRR,Taxes on natural resources (non-renewables),NA,NA,0,Taxes on natural resources (non-renewables),A,FALSE,FALSE,FALSE,TRUE,FALSE,TRUE,TRUE,FALSE,TRUE,FALSE,FALSE,TRUE,FALSE,In-BFP: not implemented,CUB
Latin America and Caribbean,Cuba,TRUE,2019,5,TT,Taxes and fees in the tourism sector,Climbing fees,NA,0,Taxes and fees in the tourism sector,A,FALSE,FALSE,FALSE,TRUE,FALSE,TRUE,TRUE,FALSE,FALSE,FALSE,FALSE,TRUE,FALSE,In-BFP: not implemented,CUB
Latin America and Caribbean,Cuba,TRUE,2019,5,TT,Taxes and fees in the tourism sector,Diving fees,NA,0,Taxes and fees in the tourism sector,A,FALSE,FALSE,FALSE,TRUE,FALSE,TRUE,TRUE,FALSE,FALSE,FALSE,FALSE,TRUE,FALSE,In-BFP: not implemented,CUB
Latin America and Caribbean,Cuba,TRUE,2019,5,TT,Taxes and fees in the tourism sector,Camping fees,NA,0,Taxes and fees in the tourism sector,A,FALSE,FALSE,FALSE,TRUE,FALSE,TRUE,TRUE,FALSE,FALSE,FALSE,FALSE,TRUE,FALSE,In-BFP: not implemented,CUB
Latin America and Caribbean,Cuba,TRUE,2019,5,TT,Taxes and fees in the tourism sector,Filming and photography fees,NA,0,Taxes and fees in the tourism sector,A,FALSE,FALSE,FALSE,TRUE,FALSE,TRUE,TRUE,FALSE,FALSE,FALSE,FALSE,TRUE,FALSE,In-BFP: not implemented,CUB
Latin America and Caribbean,Cuba,TRUE,2019,5,TT,Taxes and fees in the tourism sector,"Tourism, real estate and commercial concessions",NA,0,Taxes and fees in the tourism sector,A,FALSE,FALSE,FALSE,TRUE,FALSE,TRUE,TRUE,FALSE,FALSE,FALSE,FALSE,TRUE,FALSE,In-BFP: not implemented,CUB
Latin America and Caribbean,Cuba,TRUE,2019,5,TT,Taxes and fees in the tourism sector,"Tourism, real estate and commercial concessions",NA,0,Taxes and fees in the tourism sector,A,FALSE,FALSE,FALSE,TRUE,FALSE,TRUE,TRUE,FALSE,FALSE,FALSE,FALSE,TRUE,FALSE,In-BFP: not implemented,CUB
Latin America and Caribbean,Cuba,TRUE,2019,5,TFS,Trust funds (detailed review),NA,under_implementation,1,Trust funds (detailed review),A,TRUE,FALSE,FALSE,FALSE,TRUE,TRUE,FALSE,FALSE,FALSE,TRUE,TRUE,TRUE,TRUE,In-BFP: implemented,CUB
Latin America and Caribbean,Cuba,TRUE,2019,5,TT,Taxes and fees in the tourism sector,Entrance fees,under_implementation,1,Taxes and fees in the tourism sector,A,FALSE,FALSE,FALSE,TRUE,FALSE,TRUE,TRUE,FALSE,FALSE,FALSE,FALSE,TRUE,TRUE,In-BFP: implemented,CUB
Latin America and Caribbean,Cuba,TRUE,2019,5,PES,Payment for Ecosystem Services (detailed review),Payment for Ecosystem Services-state intermediation and/or fee,under_implementation,1,Payment for Ecosystem Services (detailed review),A,FALSE,FALSE,FALSE,TRUE,TRUE,TRUE,TRUE,FALSE,FALSE,TRUE,TRUE,TRUE,TRUE,In-BFP: implemented,CUB
Latin America and Caribbean,Cuba,FALSE,NA,NA,ES,Enabling solutions,Mainstreaming,under_implementation,1,Enabling  solutions,A,FALSE,FALSE,FALSE,FALSE,FALSE,TRUE,FALSE,TRUE,FALSE,FALSE,FALSE,TRUE,TRUE,Post-BFP: implemented,CUB
Latin America and Caribbean,Guatemala,TRUE,2016,8,TT,Taxes and fees in the tourism sector,"Tourism, real estate and commercial concessions",NA,0,Taxes and fees in the tourism sector,A,FALSE,FALSE,FALSE,TRUE,FALSE,TRUE,TRUE,FALSE,FALSE,FALSE,FALSE,TRUE,FALSE,In-BFP: not implemented,GTM
Latin America and Caribbean,Guatemala,TRUE,2016,8,TFI,"Taxes, fees and quotas in the fishery sector",Fisheries quotas (catch limits),NA,0,"Taxes, fees and quotas in the fishery sector",A,FALSE,FALSE,FALSE,TRUE,FALSE,TRUE,TRUE,FALSE,TRUE,FALSE,FALSE,TRUE,FALSE,In-BFP: not implemented,GTM
Latin America and Caribbean,Guatemala,TRUE,2016,8,LS,Enhanced Land or Marine Stewardship,Conservation tax credits,NA,0,Enhanced Land or Marine Stewardship,A,FALSE,FALSE,FALSE,FALSE,TRUE,FALSE,FALSE,FALSE,TRUE,FALSE,TRUE,FALSE,FALSE,In-BFP: not implemented,GTM
Latin America and Caribbean,Guatemala,TRUE,2016,8,TFS,Trust funds (detailed review),NA,NA,0,Trust funds (detailed review),A,TRUE,FALSE,FALSE,FALSE,TRUE,TRUE,FALSE,FALSE,FALSE,TRUE,TRUE,TRUE,FALSE,In-BFP: not implemented,GTM
Latin America and Caribbean,Guatemala,TRUE,2016,8,TFS,Trust funds (detailed review),Oil and Gas and other Natural Resource revenue Funds,NA,0,Trust funds (detailed review),A,TRUE,FALSE,FALSE,FALSE,TRUE,TRUE,FALSE,FALSE,FALSE,TRUE,TRUE,TRUE,FALSE,In-BFP: not implemented,GTM
Latin America and Caribbean,Guatemala,TRUE,2016,8,LOB,Lobbying for public budget allocations,NA,NA,0,Lobbying for public budget allocations,A,FALSE,FALSE,FALSE,TRUE,FALSE,TRUE,TRUE,TRUE,FALSE,FALSE,FALSE,TRUE,FALSE,In-BFP: not implemented,GTM
Latin America and Caribbean,Guatemala,FALSE,NA,NA,RBB,Result based budgeting,NA,under_implementation,1,Result based budgeting,A,FALSE,FALSE,FALSE,FALSE,FALSE,TRUE,FALSE,FALSE,TRUE,TRUE,FALSE,TRUE,TRUE,Post-BFP: implemented,GTM
Latin America and Caribbean,Guatemala,FALSE,NA,NA,DBS,Debt-for-Nature Swaps (detailed review),NA,under_implementation,1,Debt-for-Nature Swaps (detailed review),A,TRUE,TRUE,FALSE,FALSE,FALSE,FALSE,TRUE,FALSE,FALSE,FALSE,FALSE,TRUE,TRUE,Post-BFP: implemented,GTM
Latin America and Caribbean,Guatemala,TRUE,2016,8,TFS,Trust funds (detailed review),NA,not_implemented,0,Trust funds (detailed review),A,TRUE,FALSE,FALSE,FALSE,TRUE,TRUE,FALSE,FALSE,FALSE,TRUE,TRUE,TRUE,FALSE,In-BFP: not implemented,GTM
Latin America and Caribbean,Guatemala,FALSE,NA,NA,TT,Taxes and fees in the tourism sector,NA,under_implementation,1,Taxes and fees in the tourism sector,A,FALSE,FALSE,FALSE,TRUE,FALSE,TRUE,TRUE,FALSE,FALSE,FALSE,FALSE,TRUE,TRUE,Post-BFP: implemented,GTM
Latin America and Caribbean,Guatemala,FALSE,NA,NA,SST,Sustainability standards and certification (voluntary),"Sustainability frameworks, standards, and assessments",not_implemented,0,Sustainability standards and certification (voluntary),A,FALSE,FALSE,FALSE,FALSE,TRUE,TRUE,FALSE,FALSE,TRUE,FALSE,TRUE,TRUE,FALSE,NA,GTM
Latin America and Caribbean,Guatemala,FALSE,NA,NA,ES,Enabling solutions,Institutionalization,under_implementation,1,Enabling  solutions,A,FALSE,FALSE,FALSE,FALSE,FALSE,TRUE,FALSE,TRUE,FALSE,FALSE,FALSE,TRUE,TRUE,Post-BFP: implemented,GTM
Latin America and Caribbean,Guatemala,FALSE,NA,NA,BIO,Bioprospecting (detailed review),NA,under_implementation,1,Bioprospecting (detailed review),A,FALSE,FALSE,FALSE,FALSE,TRUE,FALSE,TRUE,FALSE,TRUE,FALSE,TRUE,FALSE,TRUE,Post-BFP: implemented,GTM
